{"ccmode": "AoR", "para_num": 120, "xtx_ratio": 1.0, "interalltxs": 43362, "interdur": 179.59625601768494, "tps": 7.104424665694373, "latency_avg": 2171.169423156977, "workload_file": "locals/workload_ratio_analysis/output/workloads/AoR-120-15.json", "real time cost": 168.90882182121277, "deal time cost": 174.7566815679893, "ts_src_avg": 2.02778207878934, "ts_rly01_avg": 17.02356350805362, "ts_inter_avg": 46.26791447775231, "ts_rly02_avg": 1.5555929688678847, "ts_dst_avg": 3.6225072075327236}