{"ccmode": "AoR", "para_num": 120, "xtx_ratio": 1.0, "interalltxs": 57242, "interdur": 232.5104422569275, "tps": 5.39197772682393, "latency_avg": 4084.7431274702153, "workload_file": "locals/workload_ratio_analysis/output/workloads/AoR-120-20.json", "real time cost": 222.55284810066223, "deal time cost": 225.80982536499505, "ts_src_avg": 2.0269503945176064, "ts_rly01_avg": 30.636138117090262, "ts_inter_avg": 61.43004721434487, "ts_rly02_avg": 1.5015707854212663, "ts_dst_avg": 3.6434615466122326}