{"ccmode": "AoR", "para_num": 30, "xtx_ratio": 1.0, "interalltxs": 15917, "interdur": 73.57898235321045, "tps": 4.721294108749173, "latency_avg": 851.6055212513605, "workload_file": "locals/workload_ratio_analysis/output/workloads/AoR-30-20.json", "real time cost": 63.541900396347046, "deal time cost": 67.9651530989795, "ts_src_avg": 2.0876528823915335, "ts_rly01_avg": 4.274290189644927, "ts_inter_avg": 7.118329330707283, "ts_rly02_avg": 1.8654260531178226, "ts_dst_avg": 3.73783904038339}