{"ccmode": "AoR", "para_num": 10, "xtx_ratio": 1.0, "interalltxs": 5222, "interdur": 65.6157591342926, "tps": 1.7231492171602902, "latency_avg": 623.6196121740342, "workload_file": "locals/workload_ratio_analysis/output/workloads/AoR-10-20.json", "real time cost": 58.03327941894531, "deal time cost": 60.33078511597705, "ts_src_avg": 2.109611416942982, "ts_rly01_avg": 1.7853518468102987, "ts_inter_avg": 4.1714381925379715, "ts_rly02_avg": 1.6882256503838577, "ts_dst_avg": 3.807551331517707}