{"ccmode": "AoR", "para_num": 120, "xtx_ratio": 1.0, "interalltxs": 18725, "interdur": 84.61806297302246, "tps": 15.880087050316524, "latency_avg": 268.95432554483415, "workload_file": "locals/workload_ratio_analysis/output/workloads/AoR-120-5.json", "real time cost": 75.56633639335632, "deal time cost": 78.70819974300684, "ts_src_avg": 2.020096078269191, "ts_rly01_avg": 6.50036137544079, "ts_inter_avg": 10.668062143382112, "ts_rly02_avg": 1.5090792420534438, "ts_dst_avg": 3.6714513817677332}