{"ccmode": "AoR", "para_num": 180, "xtx_ratio": 1.0, "interalltxs": 67541, "interdur": 278.3360643386841, "tps": 6.724028325088592, "latency_avg": 3757.4849952740137, "workload_file": "locals/workload_ratio_analysis/output/workloads/AoR-180-15.json", "real time cost": 267.6966712474823, "deal time cost": 272.0027510439977, "ts_src_avg": 2.0175438686204186, "ts_rly01_avg": 37.66699519140107, "ts_inter_avg": 77.03577382584294, "ts_rly02_avg": 1.5430465211696307, "ts_dst_avg": 3.6241258279505537}