{"ccmode": "AoR", "para_num": 10, "xtx_ratio": 1.0, "interalltxs": 1647, "interdur": 67.94251227378845, "tps": 1.7751026447268992, "latency_avg": 157.72115920543672, "workload_file": "locals/workload_ratio_analysis/output/workloads/AoR-10-5.json", "real time cost": 56.3347704410553, "deal time cost": 59.27574578698841, "ts_src_avg": 2.0355988571255708, "ts_rly01_avg": 1.4207699440800867, "ts_inter_avg": 3.8475375980554625, "ts_rly02_avg": 1.4062403388356053, "ts_dst_avg": 3.801635762148125}