{"ccmode": "AoR", "para_num": 10, "xtx_ratio": 1.0, "interalltxs": 2947, "interdur": 68.12033414840698, "tps": 1.7490292204861964, "latency_avg": 311.7397948932648, "workload_file": "locals/workload_ratio_analysis/output/workloads/AoR-10-10.json", "real time cost": 57.17457365989685, "deal time cost": 59.40243915299652, "ts_src_avg": 2.0572934046394757, "ts_rly01_avg": 1.6184194247834862, "ts_inter_avg": 3.966801558003446, "ts_rly02_avg": 1.4394627603756718, "ts_dst_avg": 3.7569520132234424}