{"ccmode": "AoR", "para_num": 180, "xtx_ratio": 1.0, "interalltxs": 45542, "interdur": 188.1013605594635, "tps": 9.908589869627727, "latency_avg": 1648.218975254165, "workload_file": "locals/workload_ratio_analysis/output/workloads/AoR-180-10.json", "real time cost": 181.66056156158447, "deal time cost": 184.5248321830004, "ts_src_avg": 2.017764091543655, "ts_rly01_avg": 20.956067486319274, "ts_inter_avg": 50.76633378191075, "ts_rly02_avg": 1.4431015794218935, "ts_dst_avg": 3.6151997774254085}