{"ccmode": "AoR", "para_num": 120, "xtx_ratio": 1.0, "interalltxs": 31802, "interdur": 133.35383868217468, "tps": 9.70773151194042, "latency_avg": 1019.8857661819458, "workload_file": "locals/workload_ratio_analysis/output/workloads/AoR-120-10.json", "real time cost": 123.61281299591064, "deal time cost": 127.6694813130016, "ts_src_avg": 2.0240427005086787, "ts_rly01_avg": 15.866764027208491, "ts_inter_avg": 25.261023917273622, "ts_rly02_avg": 1.5064573825894507, "ts_dst_avg": 3.624240950226935}