{"ccmode": "AoR", "para_num": 90, "xtx_ratio": 1.0, "interalltxs": 43252, "interdur": 176.90001249313354, "tps": 5.414687609176398, "latency_avg": 2777.250606737932, "workload_file": "locals/workload_ratio_analysis/output/workloads/AoR-90-20.json", "real time cost": 166.21457505226135, "deal time cost": 171.77206723499694, "ts_src_avg": 2.034168361821448, "ts_rly01_avg": 15.477316527999527, "ts_inter_avg": 44.48491601776208, "ts_rly02_avg": 1.5307886084183953, "ts_dst_avg": 3.647309174265293}