{"ccmode": "AoR", "para_num": 10, "xtx_ratio": 1.0, "interalltxs": 4193, "interdur": 68.27624416351318, "tps": 1.7152637211468946, "latency_avg": 490.47457045793533, "workload_file": "locals/workload_ratio_analysis/output/workloads/AoR-10-15.json", "real time cost": 58.30007290840149, "deal time cost": 61.35677250000299, "ts_src_avg": 2.0859285731751798, "ts_rly01_avg": 1.6987993607405334, "ts_inter_avg": 4.09852397968551, "ts_rly02_avg": 1.598022667458136, "ts_dst_avg": 3.801860642937599}