{"ccmode": "AoR", "para_num": 180, "xtx_ratio": 1.0, "interalltxs": 89540, "interdur": 376.2321767807007, "tps": 4.9274083117216545, "latency_avg": 6889.241554803716, "workload_file": "locals/workload_ratio_analysis/output/workloads/AoR-180-20.json", "real time cost": 365.30360102653503, "deal time cost": 371.00693690098706, "ts_src_avg": 2.0165662793257337, "ts_rly01_avg": 55.53970637851335, "ts_inter_avg": 106.16621492877245, "ts_rly02_avg": 1.5651532564536594, "ts_dst_avg": 3.6089426716372364}