{"ccmode": "AoR", "para_num": 30, "xtx_ratio": 1.0, "interalltxs": 4787, "interdur": 67.57744693756104, "tps": 5.184431667855733, "latency_avg": 161.27451224724453, "workload_file": "locals/workload_ratio_analysis/output/workloads/AoR-30-5.json", "real time cost": 57.86555194854736, "deal time cost": 60.338151038013166, "ts_src_avg": 2.0339094820406416, "ts_rly01_avg": 1.5222533281373534, "ts_inter_avg": 4.2328701330043215, "ts_rly02_avg": 1.6725085533809367, "ts_dst_avg": 3.806173591274226}