{"ccmode": "AoR", "para_num": 150, "xtx_ratio": 1.0, "interalltxs": 72450, "interdur": 302.424587726593, "tps": 5.143866300552185, "latency_avg": 5471.535718076865, "workload_file": "locals/workload_ratio_analysis/output/workloads/AoR-150-20.json", "real time cost": 291.6094455718994, "deal time cost": 296.87233188102255, "ts_src_avg": 2.0202268682359863, "ts_rly01_avg": 43.46312611711964, "ts_inter_avg": 82.9473385728594, "ts_rly02_avg": 1.5774290206588713, "ts_dst_avg": 3.6058179791563205}