{"ccmode": "AoR", "para_num": 60, "xtx_ratio": 1.0, "interalltxs": 23182, "interdur": 99.55594992637634, "tps": 6.6523558334652195, "latency_avg": 1017.7400770199299, "workload_file": "locals/workload_ratio_analysis/output/workloads/AoR-60-15.json", "real time cost": 90.19361186027527, "deal time cost": 93.73687239398714, "ts_src_avg": 2.0444828303780143, "ts_rly01_avg": 9.557189215223264, "ts_inter_avg": 14.277149415203905, "ts_rly02_avg": 1.6003617249006425, "ts_dst_avg": 3.6493733943107496}