{"ccmode": "AoR", "para_num": 90, "xtx_ratio": 1.0, "interalltxs": 13603, "interdur": 66.5441403388977, "tps": 14.98993387272032, "latency_avg": 200.156699113316, "workload_file": "locals/workload_ratio_analysis/output/workloads/AoR-90-5.json", "real time cost": 60.04029154777527, "deal time cost": 62.82508847399731, "ts_src_avg": 2.0273653297926093, "ts_rly01_avg": 3.513473192934045, "ts_inter_avg": 6.21719871633346, "ts_rly02_avg": 1.5495510206271512, "ts_dst_avg": 3.705635486115401}