{"ccmode": "AoR", "para_num": 180, "xtx_ratio": 1.0, "interalltxs": 27365, "interdur": 116.05683851242065, "tps": 16.86204459972081, "latency_avg": 417.4489861877759, "workload_file": "locals/workload_ratio_analysis/output/workloads/AoR-180-5.json", "real time cost": 106.74862051010132, "deal time cost": 110.23974818500574, "ts_src_avg": 2.016070466304792, "ts_rly01_avg": 11.486055045215094, "ts_inter_avg": 20.352478483345326, "ts_rly02_avg": 1.4023786015601925, "ts_dst_avg": 3.6320655505224826}