{"ccmode": "AoR", "para_num": 90, "xtx_ratio": 1.0, "interalltxs": 33772, "interdur": 140.87164855003357, "tps": 6.682328657692143, "latency_avg": 1627.4842881817287, "workload_file": "locals/workload_ratio_analysis/output/workloads/AoR-90-15.json", "real time cost": 134.6835880279541, "deal time cost": 138.0527045969793, "ts_src_avg": 2.0323932094946193, "ts_rly01_avg": 17.162642306062224, "ts_inter_avg": 27.16834129388807, "ts_rly02_avg": 1.516852825548491, "ts_dst_avg": 3.649068081946393}