{"ccmode": "AoR", "para_num": 30, "xtx_ratio": 1.0, "interalltxs": 8677, "interdur": 67.64940667152405, "tps": 5.057373272545074, "latency_avg": 345.74755825916924, "workload_file": "locals/workload_ratio_analysis/output/workloads/AoR-30-10.json", "real time cost": 59.31933116912842, "deal time cost": 62.410054634005064, "ts_src_avg": 2.0569673777561563, "ts_rly01_avg": 2.0614697069654278, "ts_inter_avg": 4.661115491044288, "ts_rly02_avg": 1.735058936436971, "ts_dst_avg": 3.7623864973105636}