{"ccmode": "AoR", "para_num": 60, "xtx_ratio": 1.0, "interalltxs": 9572, "interdur": 67.89436602592468, "tps": 10.35887602667651, "latency_avg": 170.0315750447909, "workload_file": "locals/workload_ratio_analysis/output/workloads/AoR-60-5.json", "real time cost": 57.92134189605713, "deal time cost": 60.51169683699845, "ts_src_avg": 2.030707051214311, "ts_rly01_avg": 2.1919904802681267, "ts_inter_avg": 4.92640481049071, "ts_rly02_avg": 1.6589694888073334, "ts_dst_avg": 3.64498265056768}