{"ccmode": "AoR", "para_num": 150, "xtx_ratio": 1.0, "interalltxs": 22632, "interdur": 99.05588054656982, "tps": 16.913724141765382, "latency_avg": 330.11770293394727, "workload_file": "locals/workload_ratio_analysis/output/workloads/AoR-150-5.json", "real time cost": 88.6853768825531, "deal time cost": 93.31244063697523, "ts_src_avg": 2.018797601080109, "ts_rly01_avg": 9.228573443875193, "ts_inter_avg": 14.770631603211546, "ts_rly02_avg": 1.534816369756122, "ts_dst_avg": 3.6535616647324565}