{"ccmode": "AoR", "para_num": 60, "xtx_ratio": 1.0, "interalltxs": 16950, "interdur": 78.11134719848633, "tps": 8.74100107975355, "latency_avg": 475.6952255618572, "workload_file": "locals/workload_ratio_analysis/output/workloads/AoR-60-10.json", "real time cost": 68.64202332496643, "deal time cost": 72.48131899698637, "ts_src_avg": 2.0413840578285094, "ts_rly01_avg": 5.377117371630359, "ts_inter_avg": 8.391562737169032, "ts_rly02_avg": 1.6266393944244557, "ts_dst_avg": 3.642001801352433}