{"ccmode": "AoR", "para_num": 90, "xtx_ratio": 1.0, "interalltxs": 24352, "interdur": 104.02084946632385, "tps": 9.290393918016555, "latency_avg": 736.0128357593219, "workload_file": "locals/workload_ratio_analysis/output/workloads/AoR-90-10.json", "real time cost": 96.8742561340332, "deal time cost": 99.56392086698906, "ts_src_avg": 2.0314333351112634, "ts_rly01_avg": 10.226556170953494, "ts_inter_avg": 16.108446545396582, "ts_rly02_avg": 1.5398709478891868, "ts_dst_avg": 3.6624074250997825}