{"ccmode": "AoR", "para_num": 60, "xtx_ratio": 1.0, "interalltxs": 29502, "interdur": 123.17761301994324, "tps": 5.173210966831707, "latency_avg": 1872.3570175802708, "workload_file": "locals/workload_ratio_analysis/output/workloads/AoR-60-20.json", "real time cost": 115.98212480545044, "deal time cost": 118.7545742939983, "ts_src_avg": 2.0483227712558825, "ts_rly01_avg": 13.4395409224143, "ts_inter_avg": 22.42187598068136, "ts_rly02_avg": 1.571079437204527, "ts_dst_avg": 3.6401055381489127}