{"ccmode": "AoR", "para_num": 150, "xtx_ratio": 1.0, "interalltxs": 55272, "interdur": 224.8437385559082, "tps": 7.05566540743999, "latency_avg": 2954.5893459556896, "workload_file": "locals/workload_ratio_analysis/output/workloads/AoR-150-15.json", "real time cost": 212.59511518478394, "deal time cost": 218.26666606901563, "ts_src_avg": 2.022221411668353, "ts_rly01_avg": 28.747580381485946, "ts_inter_avg": 59.927686422669524, "ts_rly02_avg": 1.546716057733883, "ts_dst_avg": 3.630522692448319}