{"ccmode": "AoR", "para_num": 150, "xtx_ratio": 1.0, "interalltxs": 40232, "interdur": 167.92370653152466, "tps": 9.301764874639918, "latency_avg": 1308.946925948302, "workload_file": "locals/workload_ratio_analysis/output/workloads/AoR-150-10.json", "real time cost": 161.2597200870514, "deal time cost": 163.24875112000154, "ts_src_avg": 2.022024028364705, "ts_rly01_avg": 17.000074443090565, "ts_inter_avg": 38.3572293795487, "ts_rly02_avg": 1.522049890293276, "ts_dst_avg": 3.6406254733981283}