{"ccmode": "AoR", "para_num": 30, "xtx_ratio": 1.0, "interalltxs": 13142, "interdur": 71.03058362007141, "tps": 4.92288864825699, "latency_avg": 560.9155107204119, "workload_file": "locals/workload_ratio_analysis/output/workloads/AoR-30-15.json", "real time cost": 60.93983054161072, "deal time cost": 63.515902457002085, "ts_src_avg": 2.076176497510563, "ts_rly01_avg": 2.5543217058436034, "ts_inter_avg": 5.3219277744459434, "ts_rly02_avg": 1.7632249243366531, "ts_dst_avg": 3.7762130351343126}