{"ccmode": "ToR", "para_num": 180, "xtx_ratio": 1.0, "interalltxs": 6049, "interdur": 80.62265372276306, "tps": 28.591417048642167, "latency_avg": 516.6640521930324, "workload_file": "locals/workload_ratio_analysis/output/workloads/ToR-180-15.json", "real time cost": 62.95595622062683, "deal time cost": 70.89351213499322, "ts_src_avg": 2.0741029328928646, "ts_rly_avg": 9.88125225223317, "ts_dst_avg": 3.4357039030004413}