{"ccmode": "ToR", "para_num": 90, "xtx_ratio": 1.0, "interalltxs": 2537, "interdur": 65.06465339660645, "tps": 16.38953417091766, "latency_avg": 259.7733836351501, "workload_file": "locals/workload_ratio_analysis/output/workloads/ToR-90-10.json", "real time cost": 54.91309213638306, "deal time cost": 57.50767120500677, "ts_src_avg": 2.0610447734451296, "ts_rly_avg": 5.615569375724792, "ts_dst_avg": 3.6226336889521282}