{"ccmode": "ToR", "para_num": 150, "xtx_ratio": 1.0, "interalltxs": 5122, "interdur": 80.99180388450623, "tps": 23.16038693927631, "latency_avg": 484.88311635128656, "workload_file": "locals/workload_ratio_analysis/output/workloads/ToR-150-15.json", "real time cost": 64.7657573223114, "deal time cost": 71.95135991700226, "ts_src_avg": 2.0770269918626703, "ts_rly_avg": 8.883509323168566, "ts_dst_avg": 3.561403816368366}