{"ccmode": "ToR", "para_num": 10, "xtx_ratio": 1.0, "interalltxs": 287, "interdur": 65.65897631645203, "tps": 1.8353048054931445, "latency_avg": 390.33051805973054, "workload_file": "locals/workload_ratio_analysis/output/workloads/ToR-10-15.json", "real time cost": 54.48686218261719, "deal time cost": 57.42424382601166, "ts_src_avg": 2.0492065141623157, "ts_rly_avg": 5.46298187086707, "ts_dst_avg": 3.6590249256005607}