{"ccmode": "ToR", "para_num": 30, "xtx_ratio": 1.0, "interalltxs": 820, "interdur": 64.90128207206726, "tps": 5.473761646947073, "latency_avg": 527.7789342236518, "workload_file": "locals/workload_ratio_analysis/output/workloads/ToR-30-20.json", "real time cost": 54.80691695213318, "deal time cost": 57.54366951700649, "ts_src_avg": 2.089137921642318, "ts_rly_avg": 5.891368617816075, "ts_dst_avg": 3.6885986543406073}