{"ccmode": "ToR", "para_num": 60, "xtx_ratio": 1.0, "interalltxs": 1681, "interdur": 65.29248929023743, "tps": 10.747647983188214, "latency_avg": 390.61616494655607, "workload_file": "locals/workload_ratio_analysis/output/workloads/ToR-60-15.json", "real time cost": 55.826167821884155, "deal time cost": 58.38834227999905, "ts_src_avg": 2.080962773581431, "ts_rly_avg": 5.714575129304581, "ts_dst_avg": 3.639364887866282}