{"ccmode": "ToR", "para_num": 90, "xtx_ratio": 1.0, "interalltxs": 2635, "interdur": 67.83302307128906, "tps": 15.89813585567382, "latency_avg": 401.819641017384, "workload_file": "locals/workload_ratio_analysis/output/workloads/ToR-90-15.json", "real time cost": 56.61041069030762, "deal time cost": 59.703692493989365, "ts_src_avg": 2.08349679573724, "ts_rly_avg": 6.244816442058747, "ts_dst_avg": 3.667818242993031}