{"ccmode": "ToR", "para_num": 180, "xtx_ratio": 1.0, "interalltxs": 6825, "interdur": 90.81969857215881, "tps": 25.50461885533465, "latency_avg": 805.9903699999386, "workload_file": "locals/workload_ratio_analysis/output/workloads/ToR-180-20.json", "real time cost": 70.57545185089111, "deal time cost": 80.30128315000911, "ts_src_avg": 2.0886556891759893, "ts_rly_avg": 12.832808666375266, "ts_dst_avg": 3.3583121717152467}