{"ccmode": "ToR", "para_num": 10, "xtx_ratio": 1.0, "interalltxs": 277, "interdur": 63.65981721878052, "tps": 1.8748342569292176, "latency_avg": 123.30146119594573, "workload_file": "locals/workload_ratio_analysis/output/workloads/ToR-10-5.json", "real time cost": 53.338048219680786, "deal time cost": 56.26791611799854, "ts_src_avg": 2.030727824537013, "ts_rly_avg": 5.427573811742482, "ts_dst_avg": 3.5892828027830466}