{"ccmode": "ToR", "para_num": 150, "xtx_ratio": 1.0, "interalltxs": 5225, "interdur": 83.45251941680908, "tps": 22.746246854771133, "latency_avg": 726.3044620742797, "workload_file": "locals/workload_ratio_analysis/output/workloads/ToR-150-20.json", "real time cost": 65.9449450969696, "deal time cost": 74.37450339400675, "ts_src_avg": 2.095447581828801, "ts_rly_avg": 10.858211896035018, "ts_dst_avg": 3.4199064460287314}