{"ccmode": "ToR", "para_num": 30, "xtx_ratio": 1.0, "interalltxs": 872, "interdur": 66.90605115890503, "tps": 5.577264646240733, "latency_avg": 387.22701055606206, "workload_file": "locals/workload_ratio_analysis/output/workloads/ToR-30-15.json", "real time cost": 53.78980898857117, "deal time cost": 58.31456687900936, "ts_src_avg": 2.075102671416348, "ts_rly_avg": 5.720531646284477, "ts_dst_avg": 3.6233365404290496}