{"ccmode": "ToR", "para_num": 180, "xtx_ratio": 1.0, "interalltxs": 5144, "interdur": 68.17955183982849, "tps": 32.459833330243455, "latency_avg": 132.5807374089294, "workload_file": "locals/workload_ratio_analysis/output/workloads/ToR-180-5.json", "real time cost": 55.45314979553223, "deal time cost": 57.39770467899507, "ts_src_avg": 2.033429745417728, "ts_rly_avg": 6.239118600658064, "ts_dst_avg": 3.581881801617529}