{"ccmode": "ToR", "para_num": 30, "xtx_ratio": 1.0, "interalltxs": 842, "interdur": 64.86144948005676, "tps": 5.4597929797601115, "latency_avg": 263.90972318808235, "workload_file": "locals/workload_ratio_analysis/output/workloads/ToR-30-10.json", "real time cost": 54.94713830947876, "deal time cost": 57.67735247599194, "ts_src_avg": 2.0550761643468833, "ts_rly_avg": 5.800859787314899, "ts_dst_avg": 3.6396220644030457}