{"ccmode": "ToR", "para_num": 60, "xtx_ratio": 1.0, "interalltxs": 1683, "interdur": 64.90895652770996, "tps": 11.142344369547082, "latency_avg": 126.01771383325259, "workload_file": "locals/workload_ratio_analysis/output/workloads/ToR-60-5.json", "real time cost": 53.848631858825684, "deal time cost": 56.636824857007014, "ts_src_avg": 2.0353985339119323, "ts_rly_avg": 5.465379149951632, "ts_dst_avg": 3.540204538731348}