{"ccmode": "ToR", "para_num": 10, "xtx_ratio": 1.0, "interalltxs": 287, "interdur": 65.65553331375122, "tps": 1.828482250841674, "latency_avg": 529.3823227071762, "workload_file": "locals/workload_ratio_analysis/output/workloads/ToR-10-20.json", "real time cost": 54.69016718864441, "deal time cost": 57.50333616300486, "ts_src_avg": 2.0534389541230893, "ts_rly_avg": 5.646150486714528, "ts_dst_avg": 3.6283626405681684}