{"ccmode": "ToR", "para_num": 90, "xtx_ratio": 1.0, "interalltxs": 2670, "interdur": 70.3072440624237, "tps": 16.221687791506508, "latency_avg": 558.1811274088753, "workload_file": "locals/workload_ratio_analysis/output/workloads/ToR-90-20.json", "real time cost": 55.4812798500061, "deal time cost": 61.99408668099204, "ts_src_avg": 2.1040268585942634, "ts_rly_avg": 6.582769092087854, "ts_dst_avg": 3.7560679054111015}