{"ccmode": "ToR", "para_num": 120, "xtx_ratio": 1.0, "interalltxs": 3571, "interdur": 69.28874111175537, "tps": 20.984630497647245, "latency_avg": 428.4583627208074, "workload_file": "locals/workload_ratio_analysis/output/workloads/ToR-120-15.json", "real time cost": 57.184709548950195, "deal time cost": 61.41820098599419, "ts_src_avg": 2.082548119250315, "ts_rly_avg": 6.6320112582540975, "ts_dst_avg": 3.6372001108297187}