{"ccmode": "ToR", "para_num": 120, "xtx_ratio": 1.0, "interalltxs": 3636, "interdur": 71.233234167099, "tps": 20.795869679688025, "latency_avg": 597.7313745198647, "workload_file": "locals/workload_ratio_analysis/output/workloads/ToR-120-20.json", "real time cost": 57.703766107559204, "deal time cost": 62.77164536700002, "ts_src_avg": 2.1049724930024274, "ts_rly_avg": 7.834255687514549, "ts_dst_avg": 3.6300441988701695}