{"ccmode": "ToR", "para_num": 90, "xtx_ratio": 1.0, "interalltxs": 2562, "interdur": 64.71061182022095, "tps": 16.68581606824339, "latency_avg": 129.59147258758546, "workload_file": "locals/workload_ratio_analysis/output/workloads/ToR-90-5.json", "real time cost": 53.938027143478394, "deal time cost": 57.42086311001913, "ts_src_avg": 2.033827956331526, "ts_rly_avg": 5.956187838568103, "ts_dst_avg": 3.5812460646138877}