{"ccmode": "ToR", "para_num": 150, "xtx_ratio": 1.0, "interalltxs": 4710, "interdur": 73.56337308883667, "tps": 26.053193908700372, "latency_avg": 296.20303176514307, "workload_file": "locals/workload_ratio_analysis/output/workloads/ToR-150-10.json", "real time cost": 57.574514865875244, "deal time cost": 63.66241796599934, "ts_src_avg": 2.0593797254387756, "ts_rly_avg": 6.772859459887953, "ts_dst_avg": 3.613683930552001}