{"ccmode": "ToR", "para_num": 30, "xtx_ratio": 1.0, "interalltxs": 887, "interdur": 66.96072697639465, "tps": 5.36887941226475, "latency_avg": 128.9006126499176, "workload_file": "locals/workload_ratio_analysis/output/workloads/ToR-30-5.json", "real time cost": 55.87758207321167, "deal time cost": 58.29214484198019, "ts_src_avg": 2.0340233088719235, "ts_rly_avg": 5.454349371777984, "ts_dst_avg": 3.6308233464435067}