{"ccmode": "ToR", "para_num": 150, "xtx_ratio": 1.0, "interalltxs": 4277, "interdur": 66.28576803207397, "tps": 27.496439477911796, "latency_avg": 129.2464002661705, "workload_file": "locals/workload_ratio_analysis/output/workloads/ToR-150-5.json", "real time cost": 54.5525176525116, "deal time cost": 56.50159426100436, "ts_src_avg": 2.0344168081869123, "ts_rly_avg": 5.812563644541433, "ts_dst_avg": 3.5732348524231985}