{"ccmode": "ToR", "para_num": 60, "xtx_ratio": 1.0, "interalltxs": 1682, "interdur": 64.97811007499695, "tps": 11.288239385803882, "latency_avg": 265.91356864690783, "workload_file": "locals/workload_ratio_analysis/output/workloads/ToR-60-10.json", "real time cost": 53.15266442298889, "deal time cost": 56.70638222902198, "ts_src_avg": 2.0581347456172714, "ts_rly_avg": 5.9177543220288324, "ts_dst_avg": 3.608358904990283}