{"ccmode": "ToR", "para_num": 10, "xtx_ratio": 1.0, "interalltxs": 290, "interdur": 65.64028787612915, "tps": 1.8384375535500914, "latency_avg": 263.43505201339724, "workload_file": "locals/workload_ratio_analysis/output/workloads/ToR-10-10.json", "real time cost": 54.394015073776245, "deal time cost": 57.310047233011574, "ts_src_avg": 2.0435155949452146, "ts_rly_avg": 5.628329717204525, "ts_dst_avg": 3.657801342768444}