{"ccmode": "ToR", "para_num": 60, "xtx_ratio": 1.0, "interalltxs": 1740, "interdur": 67.55795645713806, "tps": 10.512853770540996, "latency_avg": 568.3881244341533, "workload_file": "locals/workload_ratio_analysis/output/workloads/ToR-60-20.json", "real time cost": 57.07299017906189, "deal time cost": 59.92025066100177, "ts_src_avg": 2.1023791081756946, "ts_rly_avg": 6.497321844230658, "ts_dst_avg": 3.7360569555979746}