{"ccmode": "ToR", "para_num": 120, "xtx_ratio": 1.0, "interalltxs": 3482, "interdur": 66.38885045051575, "tps": 21.85748548811235, "latency_avg": 275.0463144302368, "workload_file": "locals/workload_ratio_analysis/output/workloads/ToR-120-10.json", "real time cost": 54.901100158691406, "deal time cost": 58.18176550499629, "ts_src_avg": 2.0585176820397098, "ts_rly_avg": 6.224886708039619, "ts_dst_avg": 3.63661580537799}