{"ccmode": "ToR", "para_num": 180, "xtx_ratio": 1.0, "interalltxs": 5712, "interdur": 77.82867121696472, "tps": 30.32825619851679, "latency_avg": 308.8188365067376, "workload_file": "locals/workload_ratio_analysis/output/workloads/ToR-180-10.json", "real time cost": 59.35059332847595, "deal time cost": 68.45196472198586, "ts_src_avg": 2.0581437186077687, "ts_rly_avg": 7.542611882654578, "ts_dst_avg": 3.579267313944057}