{"ccmode": "ToR", "para_num": 120, "xtx_ratio": 1.0, "interalltxs": 3364, "interdur": 65.0168125629425, "tps": 22.779420578493703, "latency_avg": 129.89517388125262, "workload_file": "locals/workload_ratio_analysis/output/workloads/ToR-120-5.json", "real time cost": 52.67912745475769, "deal time cost": 55.874478220997844, "ts_src_avg": 2.034078017662442, "ts_rly_avg": 5.725434343171498, "ts_dst_avg": 3.6052491010181487}