{"ccmode": "AoR", "para_num": 180, "xtx_ratio": 0.6, "interalltxs": 284803, "interdur": 1986.2554786205292, "tps": 55.15678011924868, "latency_avg": 964.6982221660702, "workload_file": "./locals_unix/output/workloads/AoR-180-1000-60.json", "real time cost": 1958.0548350811005, "deal time cost": 1972.6585046130058, "ts_src_avg": 7.234358108337279, "ts_rly01_avg": 59.685402272080935, "ts_inter_avg": 176.03662840325964, "ts_rly02_avg": 708.6596363393201, "ts_dst_avg": 3.021925201928174}