{"ccmode": "AoR", "para_num": 80, "xtx_ratio": 1.0, "interalltxs": 129107, "interdur": 1248.2216832637787, "tps": 65.43003063418422, "latency_avg": 612.5308572491587, "workload_file": "./locals_unix/output/workloads/AoR-80-1000-100.json", "real time cost": 1222.6801550388336, "deal time cost": 1239.0141637889901, "ts_src_avg": 7.519639749616385, "ts_rly01_avg": 34.49252305692434, "ts_inter_avg": 121.80279763920605, "ts_rly02_avg": 443.00290918426214, "ts_dst_avg": 3.034015422332287}