{"ccmode": "AoR", "para_num": 110, "xtx_ratio": 0.2, "interalltxs": 43342, "interdur": 399.6324462890625, "tps": 58.34422729068688, "latency_avg": 192.25042765273832, "workload_file": "./locals_unix/output/workloads/AoR-110-1000-20.json", "real time cost": 377.07243752479553, "deal time cost": 390.3410757419915, "ts_src_avg": 7.726560332699256, "ts_rly01_avg": 9.943191854249347, "ts_inter_avg": 33.071253059062094, "ts_rly02_avg": 135.53514148909395, "ts_dst_avg": 3.0400711030851713}