{"ccmode": "AoR", "para_num": 10, "xtx_ratio": 0.6, "interalltxs": 6482, "interdur": 108.11506938934326, "tps": 65.10933833632649, "latency_avg": 53.05249404879411, "workload_file": "./locals_unix/output/workloads/AoR-10-1000-60.json", "real time cost": 92.15267968177795, "deal time cost": 99.08324871199147, "ts_src_avg": 7.35016742571195, "ts_rly01_avg": 3.51066775671641, "ts_inter_avg": 5.505009198943774, "ts_rly02_avg": 31.650951287031173, "ts_dst_avg": 3.2403615915377935}