{"ccmode": "AoR", "para_num": 160, "xtx_ratio": 1.0, "interalltxs": 383065, "interdur": 2817.105874300003, "tps": 57.50312738378479, "latency_avg": 1376.2974888082072, "workload_file": "./locals_unix/output/workloads/AoR-160-1000-100.json", "real time cost": 2782.457359790802, "deal time cost": 2804.6642987559317, "ts_src_avg": 7.830422208935023, "ts_rly01_avg": 33.71027994018644, "ts_inter_avg": 288.2903047793552, "ts_rly02_avg": 1040.1142124630644, "ts_dst_avg": 3.021014742334187}