{"ccmode": "AoR", "para_num": 130, "xtx_ratio": 0.4, "interalltxs": 110505, "interdur": 916.0618391036987, "tps": 58.37442115809832, "latency_avg": 443.06804052563814, "workload_file": "./locals_unix/output/workloads/AoR-130-1000-40.json", "real time cost": 890.8011243343353, "deal time cost": 905.2047327409964, "ts_src_avg": 7.996641299206477, "ts_rly01_avg": 19.258748140761487, "ts_inter_avg": 84.96890312440121, "ts_rly02_avg": 325.01927113509635, "ts_dst_avg": 3.0269517919787994}