{"ccmode": "AoR", "para_num": 100, "xtx_ratio": 0.2, "interalltxs": 37704, "interdur": 365.59652638435364, "tps": 58.64105900386272, "latency_avg": 175.97134468029736, "workload_file": "./locals_unix/output/workloads/AoR-100-1000-20.json", "real time cost": 341.0579607486725, "deal time cost": 354.8198287529958, "ts_src_avg": 7.894560828649998, "ts_rly01_avg": 9.045627233159543, "ts_inter_avg": 29.52372163181305, "ts_rly02_avg": 123.771669278121, "ts_dst_avg": 3.0257506378293035}