{"ccmode": "AoR", "para_num": 30, "xtx_ratio": 0.2, "interalltxs": 7622, "interdur": 117.16787362098694, "tps": 59.6292751004378, "latency_avg": 57.19316735557715, "workload_file": "./locals_unix/output/workloads/AoR-30-1000-20.json", "real time cost": 100.62171626091003, "deal time cost": 109.68010658200365, "ts_src_avg": 8.013965992768606, "ts_rly01_avg": 3.859694980740547, "ts_inter_avg": 6.283086640516917, "ts_rly02_avg": 33.77008057729403, "ts_dst_avg": 3.0859391762415567}