{"ccmode": "AoR", "para_num": 140, "xtx_ratio": 0.4, "interalltxs": 124464, "interdur": 995.923702955246, "tps": 57.8416818765087, "latency_avg": 480.8507449601889, "workload_file": "./locals_unix/output/workloads/AoR-140-1000-40.json", "real time cost": 968.159952878952, "deal time cost": 983.7188620389934, "ts_src_avg": 7.941679775880916, "ts_rly01_avg": 19.631487966456582, "ts_inter_avg": 93.64539384130495, "ts_rly02_avg": 353.7685339452539, "ts_dst_avg": 3.021349700089012}