{"ccmode": "AoR", "para_num": 130, "xtx_ratio": 1.0, "interalltxs": 271309, "interdur": 2199.2603137493134, "tps": 60.04427716644262, "latency_avg": 1073.0607580269723, "workload_file": "./locals_unix/output/workloads/AoR-130-1000-100.json", "real time cost": 2165.068948030472, "deal time cost": 2187.4504492920823, "ts_src_avg": 7.97081160709858, "ts_rly01_avg": 49.21469103050782, "ts_inter_avg": 217.28687619790114, "ts_rly02_avg": 792.6508034909414, "ts_dst_avg": 3.0266938360342612}