{"ccmode": "AoR", "para_num": 10, "xtx_ratio": 0.8, "interalltxs": 8593, "interdur": 131.7387089729309, "tps": 70.27808296533584, "latency_avg": 64.07483495745063, "workload_file": "./locals_unix/output/workloads/AoR-10-1000-80.json", "real time cost": 113.83349776268005, "deal time cost": 124.061681200983, "ts_src_avg": 7.425495927423238, "ts_rly01_avg": 4.848245529979468, "ts_inter_avg": 6.894472864925861, "ts_rly02_avg": 39.75974076271057, "ts_dst_avg": 3.245221538215876}