{"ccmode": "AoR", "para_num": 180, "xtx_ratio": 0.4, "interalltxs": 190868, "interdur": 1338.4887635707855, "tps": 54.94727507964798, "latency_avg": 649.8826984312965, "workload_file": "./locals_unix/output/workloads/AoR-180-1000-40.json", "real time cost": 1310.347053527832, "deal time cost": 1327.2682432029978, "ts_src_avg": 7.642016073309713, "ts_rly01_avg": 40.12002733337217, "ts_inter_avg": 115.66587706765202, "ts_rly02_avg": 474.1540475385454, "ts_dst_avg": 3.0194157440629272}