{"ccmode": "AoR", "para_num": 190, "xtx_ratio": 1.0, "interalltxs": 515494, "interdur": 3453.616779088974, "tps": 55.59263786173299, "latency_avg": 1702.4459301054853, "workload_file": "./locals_unix/output/workloads/AoR-190-1000-100.json", "real time cost": 3417.718735933304, "deal time cost": 3442.258150118054, "ts_src_avg": 7.221421745409463, "ts_rly01_avg": 87.73655275119104, "ts_inter_avg": 323.0697477183518, "ts_rly02_avg": 1248.748078176344, "ts_dst_avg": 3.02043802986145}