{"ccmode": "AoR", "para_num": 170, "xtx_ratio": 0.4, "interalltxs": 173295, "interdur": 1256.0687012672424, "tps": 55.18532404982587, "latency_avg": 607.6374951978396, "workload_file": "./locals_unix/output/workloads/AoR-170-1000-40.json", "real time cost": 1232.2116644382477, "deal time cost": 1245.783588418999, "ts_src_avg": 7.715009165739312, "ts_rly01_avg": 37.5344306362657, "ts_inter_avg": 108.0732394884369, "ts_rly02_avg": 448.32576022729455, "ts_dst_avg": 3.0217870595630476}