{"ccmode": "AoR", "para_num": 70, "xtx_ratio": 0.4, "interalltxs": 43538, "interdur": 456.5757882595062, "tps": 64.48025846719861, "latency_avg": 223.5921882026536, "workload_file": "./locals_unix/output/workloads/AoR-70-1000-40.json", "real time cost": 434.2414355278015, "deal time cost": 446.5393207570014, "ts_src_avg": 7.926732421227864, "ts_rly01_avg": 13.835324412865297, "ts_inter_avg": 39.71310987922975, "ts_rly02_avg": 156.66726446123633, "ts_dst_avg": 3.0341209408555714}