{"ccmode": "AoR", "para_num": 200, "xtx_ratio": 0.2, "interalltxs": 116737, "interdur": 782.391969203949, "tps": 52.67183685885889, "latency_avg": 374.8973769342899, "workload_file": "./locals_unix/output/workloads/AoR-200-1000-20.json", "real time cost": 759.4191200733185, "deal time cost": 770.2138912959927, "ts_src_avg": 7.471460345709324, "ts_rly01_avg": 17.013096115517616, "ts_inter_avg": 68.66131151251197, "ts_rly02_avg": 267.3835188160241, "ts_dst_avg": 3.0168009563148024}