{"ccmode": "AoR", "para_num": 130, "xtx_ratio": 0.6, "interalltxs": 163888, "interdur": 1340.2353892326355, "tps": 59.39622016941197, "latency_avg": 652.7764098526911, "workload_file": "./locals_unix/output/workloads/AoR-130-1000-60.json", "real time cost": 1313.2148776054382, "deal time cost": 1329.7205924979935, "ts_src_avg": 7.909080742851282, "ts_rly01_avg": 32.7076010453487, "ts_inter_avg": 126.06222414238943, "ts_rly02_avg": 480.2528913327822, "ts_dst_avg": 3.027102408042321}