{"ccmode": "AoR", "para_num": 160, "xtx_ratio": 0.4, "interalltxs": 155518, "interdur": 1163.1664786338806, "tps": 56.447105287843215, "latency_avg": 563.7551142876074, "workload_file": "./locals_unix/output/workloads/AoR-160-1000-40.json", "real time cost": 1133.8048191070557, "deal time cost": 1150.662366877994, "ts_src_avg": 7.46247532152757, "ts_rly01_avg": 21.319834237951785, "ts_inter_avg": 109.53832678227499, "ts_rly02_avg": 418.83353976551444, "ts_dst_avg": 3.0205172668658196}