{"ccmode": "AoR", "para_num": 200, "xtx_ratio": 0.4, "interalltxs": 229068, "interdur": 1510.1834042072296, "tps": 54.062701933571255, "latency_avg": 732.0199442183286, "workload_file": "./locals_unix/output/workloads/AoR-200-1000-40.json", "real time cost": 1479.763258934021, "deal time cost": 1496.3759594729927, "ts_src_avg": 7.560154894965887, "ts_rly01_avg": 32.75574015623927, "ts_inter_avg": 140.03716565974355, "ts_rly02_avg": 526.8809454955011, "ts_dst_avg": 3.0190156872272493}