{"ccmode": "AoR", "para_num": 50, "xtx_ratio": 0.8, "interalltxs": 54515, "interdur": 598.1004679203033, "tps": 69.33486107373555, "latency_avg": 294.24493354881406, "workload_file": "./locals_unix/output/workloads/AoR-50-1000-80.json", "real time cost": 576.9103648662567, "deal time cost": 590.2511357660405, "ts_src_avg": 7.573127362537384, "ts_rly01_avg": 16.551363477510215, "ts_inter_avg": 58.35897937156558, "ts_rly02_avg": 206.39359200024606, "ts_dst_avg": 3.0518370908141135}