{"ccmode": "AoR", "para_num": 130, "xtx_ratio": 0.8, "interalltxs": 218689, "interdur": 1787.311039686203, "tps": 59.340071756511136, "latency_avg": 868.0824487745647, "workload_file": "./locals_unix/output/workloads/AoR-130-1000-80.json", "real time cost": 1752.6099467277527, "deal time cost": 1775.3184962079395, "ts_src_avg": 7.92949811357489, "ts_rly01_avg": 46.33002760799573, "ts_inter_avg": 167.17605439811027, "ts_rly02_avg": 640.8788237997592, "ts_dst_avg": 3.0273927965783156}