{"ccmode": "AoR", "para_num": 170, "xtx_ratio": 0.6, "interalltxs": 256739, "interdur": 1841.2494349479675, "tps": 56.31504781961014, "latency_avg": 902.6988981271959, "workload_file": "./locals_unix/output/workloads/AoR-170-1000-60.json", "real time cost": 1811.2388064861298, "deal time cost": 1829.613748491989, "ts_src_avg": 7.616082297409282, "ts_rly01_avg": 54.03465189254985, "ts_inter_avg": 164.23431509869474, "ts_rly02_avg": 670.2808454454436, "ts_dst_avg": 3.02329059370125}