{"ccmode": "AoR", "para_num": 100, "xtx_ratio": 0.8, "interalltxs": 145149, "interdur": 1321.535593509674, "tps": 61.83904833381014, "latency_avg": 642.1250323459595, "workload_file": "./locals_unix/output/workloads/AoR-100-1000-80.json", "real time cost": 1293.6809694766998, "deal time cost": 1311.6834579620045, "ts_src_avg": 7.960823535129428, "ts_rly01_avg": 44.641349949261546, "ts_inter_avg": 118.41767883280814, "ts_rly02_avg": 465.42615105208756, "ts_dst_avg": 3.0359543074548245}