{"ccmode": "AoR", "para_num": 20, "xtx_ratio": 1.0, "interalltxs": 22665, "interdur": 281.16412138938904, "tps": 76.01075275937544, "latency_avg": 138.88112146849633, "workload_file": "./locals_unix/output/workloads/AoR-20-1000-100.json", "real time cost": 263.12066745758057, "deal time cost": 273.0462649889523, "ts_src_avg": 7.6198100918293, "ts_rly01_avg": 11.427084466445447, "ts_inter_avg": 21.561350812804697, "ts_rly02_avg": 92.82879618680477, "ts_dst_avg": 3.116123829483986}