{"ccmode": "AoR", "para_num": 80, "xtx_ratio": 0.2, "interalltxs": 27122, "interdur": 288.3484048843384, "tps": 60.35513137756032, "latency_avg": 138.7234173196405, "workload_file": "./locals_unix/output/workloads/AoR-80-1000-20.json", "real time cost": 265.0975921154022, "deal time cost": 278.4454563180043, "ts_src_avg": 7.638248525008559, "ts_rly01_avg": 9.817389997139573, "ts_inter_avg": 20.189281461581587, "ts_rly02_avg": 95.16524697108566, "ts_dst_avg": 3.033803332194686}