{"ccmode": "AoR", "para_num": 90, "xtx_ratio": 1.0, "interalltxs": 153760, "interdur": 1437.950843334198, "tps": 63.815751244455875, "latency_avg": 705.2500913160377, "workload_file": "./locals_unix/output/workloads/AoR-90-1000-100.json", "real time cost": 1410.310123205185, "deal time cost": 1427.8585108410334, "ts_src_avg": 7.907535326215956, "ts_rly01_avg": 50.45366394938098, "ts_inter_avg": 129.50934081808197, "ts_rly02_avg": 512.0235810512039, "ts_dst_avg": 3.0338118824561437}