{"ccmode": "AoR", "para_num": 80, "xtx_ratio": 0.8, "interalltxs": 103875, "interdur": 1014.6478095054626, "tps": 64.72997556468854, "latency_avg": 497.54866047448667, "workload_file": "./locals_unix/output/workloads/AoR-80-1000-80.json", "real time cost": 988.7227585315704, "deal time cost": 1005.3683096910827, "ts_src_avg": 7.754657512672246, "ts_rly01_avg": 35.54020945405215, "ts_inter_avg": 91.4480089180842, "ts_rly02_avg": 356.7596948626265, "ts_dst_avg": 3.0468885909058154}