{"ccmode": "AoR", "para_num": 100, "xtx_ratio": 0.6, "interalltxs": 109334, "interdur": 1003.4306437969208, "tps": 61.43976814587494, "latency_avg": 486.2659095194181, "workload_file": "./locals_unix/output/workloads/AoR-100-1000-60.json", "real time cost": 976.5661852359772, "deal time cost": 992.7790259299945, "ts_src_avg": 7.761600089275837, "ts_rly01_avg": 34.0137969891866, "ts_inter_avg": 86.64114315813383, "ts_rly02_avg": 351.8849607805451, "ts_dst_avg": 3.03038469739755}