{"ccmode": "AoR", "para_num": 150, "xtx_ratio": 0.4, "interalltxs": 139097, "interdur": 1073.1161878108978, "tps": 57.27787383387692, "latency_avg": 519.8845160508951, "workload_file": "./locals_unix/output/workloads/AoR-150-1000-40.json", "real time cost": 1047.5249164104462, "deal time cost": 1062.6275638730003, "ts_src_avg": 7.477045134592056, "ts_rly01_avg": 18.484609157470864, "ts_inter_avg": 101.97374909156561, "ts_rly02_avg": 385.7194647159219, "ts_dst_avg": 3.0307741613984107}