{"ccmode": "AoR", "para_num": 180, "xtx_ratio": 1.0, "interalltxs": 471159, "interdur": 3262.1709740161896, "tps": 55.80829924808514, "latency_avg": 1596.9925170656165, "workload_file": "./locals_unix/output/workloads/AoR-180-1000-100.json", "real time cost": 3225.326742172241, "deal time cost": 3249.708662044024, "ts_src_avg": 7.669862248706818, "ts_rly01_avg": 94.04937945889367, "ts_inter_avg": 296.3658703935186, "ts_rly02_avg": 1178.6403021500375, "ts_dst_avg": 3.023050451228354}