{"ccmode": "AoR", "para_num": 30, "xtx_ratio": 0.8, "interalltxs": 28989, "interdur": 346.975706577301, "tps": 73.02937092382484, "latency_avg": 171.886507300059, "workload_file": "./locals_unix/output/workloads/AoR-30-1000-80.json", "real time cost": 328.63489985466003, "deal time cost": 338.65463875816204, "ts_src_avg": 8.025901303132375, "ts_rly01_avg": 11.91809342593948, "ts_inter_avg": 30.630670913904904, "ts_rly02_avg": 116.11154808353385, "ts_dst_avg": 3.0835488327145577}