{"ccmode": "AoR", "para_num": 110, "xtx_ratio": 1.0, "interalltxs": 207937, "interdur": 1803.1738204956055, "tps": 62.10688826705836, "latency_avg": 879.6418262224913, "workload_file": "./locals_unix/output/workloads/AoR-110-1000-100.json", "real time cost": 1771.1400952339172, "deal time cost": 1791.9828689260175, "ts_src_avg": 7.691061275872317, "ts_rly01_avg": 61.69764723784273, "ts_inter_avg": 163.97763981187992, "ts_rly02_avg": 640.3641988515247, "ts_dst_avg": 3.030321839640357}