{"ccmode": "AoR", "para_num": 200, "xtx_ratio": 0.8, "interalltxs": 450379, "interdur": 2929.849992275238, "tps": 55.30829714733813, "latency_avg": 1436.113898982571, "workload_file": "./locals_unix/output/workloads/AoR-200-1000-80.json", "real time cost": 2892.8751788139343, "deal time cost": 2915.8594940820185, "ts_src_avg": 7.503064231751859, "ts_rly01_avg": 59.43924122646004, "ts_inter_avg": 281.820936296387, "ts_rly02_avg": 1039.7336673549385, "ts_dst_avg": 3.0200555124044417}