{"ccmode": "AoR", "para_num": 80, "xtx_ratio": 0.6, "interalltxs": 78236, "interdur": 770.4905486106873, "tps": 64.46929160477376, "latency_avg": 377.75801525692145, "workload_file": "./locals_unix/output/workloads/AoR-80-1000-60.json", "real time cost": 744.5405216217041, "deal time cost": 761.0245665230032, "ts_src_avg": 7.789280409018199, "ts_rly01_avg": 25.866716441616415, "ts_inter_avg": 68.54885351278385, "ts_rly02_avg": 269.48938870200016, "ts_dst_avg": 3.059351420775056}