{"ccmode": "AoR", "para_num": 70, "xtx_ratio": 1.0, "interalltxs": 106824, "interdur": 1072.0894963741302, "tps": 67.0519617128893, "latency_avg": 525.938922987192, "workload_file": "./locals_unix/output/workloads/AoR-70-1000-100.json", "real time cost": 1043.9664733409882, "deal time cost": 1061.382425858057, "ts_src_avg": 7.973832767050607, "ts_rly01_avg": 36.209392265748974, "ts_inter_avg": 100.88538509575639, "ts_rly02_avg": 375.3860395960842, "ts_dst_avg": 3.035219493167741}