{"ccmode": "AoR", "para_num": 10, "xtx_ratio": 1.0, "interalltxs": 10713, "interdur": 157.42683601379395, "tps": 72.32713522926723, "latency_avg": 75.86999785101413, "workload_file": "./locals_unix/output/workloads/AoR-10-1000-100.json", "real time cost": 138.26069521903992, "deal time cost": 149.3737061099382, "ts_src_avg": 7.392578508472442, "ts_rly01_avg": 6.035832812523842, "ts_inter_avg": 8.683177103614808, "ts_rly02_avg": 48.77670497062206, "ts_dst_avg": 3.2311781807899473}