{"ccmode": "AoR", "para_num": 70, "xtx_ratio": 0.2, "interalltxs": 22261, "interdur": 246.41199350357056, "tps": 61.12717914502807, "latency_avg": 121.24232695928642, "workload_file": "./locals_unix/output/workloads/AoR-70-1000-20.json", "real time cost": 229.0306897163391, "deal time cost": 237.1825525769964, "ts_src_avg": 7.972255667890821, "ts_rly01_avg": 8.999525248817035, "ts_inter_avg": 16.877538066864012, "ts_rly02_avg": 81.73225735398701, "ts_dst_avg": 3.047572481189455}