{"ccmode": "AoR", "para_num": 100, "xtx_ratio": 0.4, "interalltxs": 73432, "interdur": 682.6334216594696, "tps": 60.62508134206029, "latency_avg": 330.40809605164526, "workload_file": "./locals_unix/output/workloads/AoR-100-1000-40.json", "real time cost": 659.7929291725159, "deal time cost": 672.8933220259933, "ts_src_avg": 7.955888106155395, "ts_rly01_avg": 22.939474328887464, "ts_inter_avg": 57.582545475447176, "ts_rly02_avg": 236.37456988138555, "ts_dst_avg": 3.0332701402246953}