{"ccmode": "AoR", "para_num": 50, "xtx_ratio": 0.4, "interalltxs": 27703, "interdur": 322.0793468952179, "tps": 66.68587321222084, "latency_avg": 156.22098046411276, "workload_file": "./locals_unix/output/workloads/AoR-50-1000-40.json", "real time cost": 299.91359543800354, "deal time cost": 313.4860787179932, "ts_src_avg": 7.588800320780277, "ts_rly01_avg": 11.834182800936698, "ts_inter_avg": 24.190839475500585, "ts_rly02_avg": 107.35079777653218, "ts_dst_avg": 3.0449099975824354}