{"ccmode": "AoR", "para_num": 10, "xtx_ratio": 0.2, "interalltxs": 2266, "interdur": 60.89050316810608, "tps": 41.95162833735322, "latency_avg": 30.181103909373284, "workload_file": "./locals_unix/output/workloads/AoR-10-1000-20.json", "real time cost": 47.673954010009766, "deal time cost": 53.64008144599211, "ts_src_avg": 7.390939372062683, "ts_rly01_avg": 2.090477378606796, "ts_inter_avg": 4.003543791174889, "ts_rly02_avg": 11.723758703827858, "ts_dst_avg": 3.2328553087711334}