{"ccmode": "AoR", "para_num": 40, "xtx_ratio": 0.6, "interalltxs": 31062, "interdur": 368.42545890808105, "tps": 69.61978360048288, "latency_avg": 179.60057196293275, "workload_file": "./locals_unix/output/workloads/AoR-40-1000-60.json", "real time cost": 344.72959780693054, "deal time cost": 358.0506835230044, "ts_src_avg": 7.326761039237181, "ts_rly01_avg": 11.35069655074676, "ts_inter_avg": 31.154172288457552, "ts_rly02_avg": 124.54986409177383, "ts_dst_avg": 3.058096215824286}