{"ccmode": "AoR", "para_num": 50, "xtx_ratio": 0.6, "interalltxs": 41100, "interdur": 460.03483533859253, "tps": 68.59327863144917, "latency_avg": 225.5076982479016, "workload_file": "./locals_unix/output/workloads/AoR-50-1000-60.json", "real time cost": 437.360636472702, "deal time cost": 450.17981473900727, "ts_src_avg": 7.663817550810178, "ts_rly01_avg": 13.002506369479498, "ts_inter_avg": 42.12321580135028, "ts_rly02_avg": 157.4393912807385, "ts_dst_avg": 3.049305612754822}