{"ccmode": "AoR", "para_num": 120, "xtx_ratio": 0.8, "interalltxs": 191955, "interdur": 1620.0010242462158, "tps": 60.44385377479979, "latency_avg": 788.3024798205495, "workload_file": "./locals_unix/output/workloads/AoR-120-1000-80.json", "real time cost": 1588.2508146762848, "deal time cost": 1608.614721792983, "ts_src_avg": 7.848705622596046, "ts_rly01_avg": 37.177626832452916, "ts_inter_avg": 156.51551664417732, "ts_rly02_avg": 580.4607532049243, "ts_dst_avg": 3.027439497222503}