{"ccmode": "AoR", "para_num": 150, "xtx_ratio": 0.2, "interalltxs": 71732, "interdur": 571.2897863388062, "tps": 54.665113295975225, "latency_avg": 273.33256815969946, "workload_file": "./locals_unix/output/workloads/AoR-150-1000-20.json", "real time cost": 548.7960820198059, "deal time cost": 561.5876065699995, "ts_src_avg": 7.503830344931284, "ts_rly01_avg": 17.34911575097243, "ts_inter_avg": 44.57097549211184, "ts_rly02_avg": 197.8820655505975, "ts_dst_avg": 3.041733922878901}