{"ccmode": "AoR", "para_num": 110, "xtx_ratio": 0.6, "interalltxs": 125985, "interdur": 1107.557378768921, "tps": 60.987482087343686, "latency_avg": 539.3614815244964, "workload_file": "./locals_unix/output/workloads/AoR-110-1000-60.json", "real time cost": 1082.1892910003662, "deal time cost": 1096.583217225998, "ts_src_avg": 7.699051188284701, "ts_rly01_avg": 37.51825435813268, "ts_inter_avg": 97.49603421541778, "ts_rly02_avg": 390.76417713654405, "ts_dst_avg": 3.0359442936651635}