{"ccmode": "AoR", "para_num": 90, "xtx_ratio": 0.2, "interalltxs": 32095, "interdur": 324.62525367736816, "tps": 59.71554141790099, "latency_avg": 155.85767552366522, "workload_file": "./locals_unix/output/workloads/AoR-90-1000-20.json", "real time cost": 301.4290680885315, "deal time cost": 314.1211182560073, "ts_src_avg": 7.80384968372186, "ts_rly01_avg": 8.944961507280668, "ts_inter_avg": 24.419258332067066, "ts_rly02_avg": 109.31890324162113, "ts_dst_avg": 3.0362974210182827}