{"ccmode": "AoR", "para_num": 150, "xtx_ratio": 1.0, "interalltxs": 343299, "interdur": 2604.355365753174, "tps": 58.38209851651314, "latency_avg": 1276.3510307942486, "workload_file": "./locals_unix/output/workloads/AoR-150-1000-100.json", "real time cost": 2569.28071808815, "deal time cost": 2592.1099934430094, "ts_src_avg": 7.507472834394773, "ts_rly01_avg": 54.04672843310992, "ts_inter_avg": 254.19297666656493, "ts_rly02_avg": 954.3513411818361, "ts_dst_avg": 3.023457161690394}