{"ccmode": "AoR", "para_num": 20, "xtx_ratio": 0.4, "interalltxs": 9272, "interdur": 137.52699661254883, "tps": 66.35915459572948, "latency_avg": 66.88408809429407, "workload_file": "./locals_unix/output/workloads/AoR-20-1000-40.json", "real time cost": 120.55608677864075, "deal time cost": 129.638913392002, "ts_src_avg": 7.6982844383120534, "ts_rly01_avg": 4.548880824506282, "ts_inter_avg": 7.276155231654644, "ts_rly02_avg": 41.71377326744795, "ts_dst_avg": 3.1173724405765535}