{"ccmode": "AoR", "para_num": 170, "xtx_ratio": 1.0, "interalltxs": 423992, "interdur": 3015.5911893844604, "tps": 57.06788918836155, "latency_avg": 1486.5691798510384, "workload_file": "./locals_unix/output/workloads/AoR-170-1000-100.json", "real time cost": 2978.908146381378, "deal time cost": 3002.391560412012, "ts_src_avg": 7.7062357296677195, "ts_rly01_avg": 73.53588720297674, "ts_inter_avg": 284.10787617704585, "ts_rly02_avg": 1113.0099451378821, "ts_dst_avg": 3.0211209108577055}