{"ccmode": "AoR", "para_num": 120, "xtx_ratio": 0.4, "interalltxs": 96970, "interdur": 831.3534734249115, "tps": 59.65987748595732, "latency_avg": 401.0982566412439, "workload_file": "./locals_unix/output/workloads/AoR-120-1000-40.json", "real time cost": 804.5608208179474, "deal time cost": 820.216491180996, "ts_src_avg": 7.836533287172516, "ts_rly01_avg": 17.970437712262076, "ts_inter_avg": 77.56245543561876, "ts_rly02_avg": 291.69181893371046, "ts_dst_avg": 3.031294843698541}