{"ccmode": "AoR", "para_num": 180, "xtx_ratio": 0.8, "interalltxs": 375642, "interdur": 2597.666658639908, "tps": 56.12045171789258, "latency_avg": 1276.1986199536555, "workload_file": "./locals_unix/output/workloads/AoR-180-1000-80.json", "real time cost": 2565.909496307373, "deal time cost": 2585.9708674039866, "ts_src_avg": 7.453664787322283, "ts_rly01_avg": 80.94655430150031, "ts_inter_avg": 234.5532095346749, "ts_rly02_avg": 936.785203925843, "ts_dst_avg": 3.0204250648336277}