{"ccmode": "AoR", "para_num": 120, "xtx_ratio": 0.2, "interalltxs": 49564, "interdur": 439.1477560997009, "tps": 57.71583918816772, "latency_avg": 210.22887265054385, "workload_file": "./locals_unix/output/workloads/AoR-120-1000-20.json", "real time cost": 415.83039140701294, "deal time cost": 429.3725580219907, "ts_src_avg": 7.8282304341197015, "ts_rly01_avg": 12.961770642518998, "ts_inter_avg": 34.84014593093594, "ts_rly02_avg": 148.31675059302648, "ts_dst_avg": 3.016600823223591}