{"ccmode": "AoR", "para_num": 80, "xtx_ratio": 0.4, "interalltxs": 52559, "interdur": 527.0799698829651, "tps": 63.67703327371081, "latency_avg": 257.0451399130672, "workload_file": "./locals_unix/output/workloads/AoR-80-1000-40.json", "real time cost": 502.53597497940063, "deal time cost": 517.7726782039972, "ts_src_avg": 7.5050198188573125, "ts_rly01_avg": 14.274725169718266, "ts_inter_avg": 47.465832699634134, "ts_rly02_avg": 181.89403309865295, "ts_dst_avg": 3.0402303442656993}