{"ccmode": "AoR", "para_num": 20, "xtx_ratio": 0.8, "interalltxs": 18220, "interdur": 235.3687129020691, "tps": 73.98784692605038, "latency_avg": 114.66998967030645, "workload_file": "./locals_unix/output/workloads/AoR-20-1000-80.json", "real time cost": 216.25173139572144, "deal time cost": 226.73495713016018, "ts_src_avg": 7.6279041521400215, "ts_rly01_avg": 8.28098361326754, "ts_inter_avg": 17.51723951934278, "ts_rly02_avg": 76.06807137909531, "ts_dst_avg": 3.1192767165899276}