{"ccmode": "AoR", "para_num": 100, "xtx_ratio": 1.0, "interalltxs": 180599, "interdur": 1634.3856160640717, "tps": 62.400746088394406, "latency_avg": 792.3705497848272, "workload_file": "./locals_unix/output/workloads/AoR-100-1000-100.json", "real time cost": 1602.544941663742, "deal time cost": 1624.1800857760245, "ts_src_avg": 7.970574522423744, "ts_rly01_avg": 53.66857552348375, "ts_inter_avg": 149.0971797006321, "ts_rly02_avg": 576.0511155708217, "ts_dst_avg": 3.0398889763283727}