{"ccmode": "AoR", "para_num": 170, "xtx_ratio": 0.8, "interalltxs": 340156, "interdur": 2425.0473515987396, "tps": 56.85930388312589, "latency_avg": 1182.1311122324992, "workload_file": "./locals_unix/output/workloads/AoR-170-1000-80.json", "real time cost": 2391.8688888549805, "deal time cost": 2413.4157985839993, "ts_src_avg": 7.825026611326372, "ts_rly01_avg": 65.96725685654843, "ts_inter_avg": 221.002183550449, "ts_rly02_avg": 880.8718366272082, "ts_dst_avg": 3.0217039453229484}