{"ccmode": "AoR", "para_num": 40, "xtx_ratio": 0.4, "interalltxs": 20896, "interdur": 257.01985454559326, "tps": 67.91085740636215, "latency_avg": 124.30290971836448, "workload_file": "./locals_unix/output/workloads/AoR-40-1000-40.json", "real time cost": 235.60297441482544, "deal time cost": 247.17854312800046, "ts_src_avg": 7.534181199640035, "ts_rly01_avg": 9.433159038662911, "ts_inter_avg": 18.70929265740514, "ts_rly02_avg": 83.16718515145779, "ts_dst_avg": 3.0639762557148935}