{"ccmode": "AoR", "para_num": 110, "xtx_ratio": 0.8, "interalltxs": 167383, "interdur": 1462.7361631393433, "tps": 61.354206730716804, "latency_avg": 713.4040250671587, "workload_file": "./locals_unix/output/workloads/AoR-110-1000-80.json", "real time cost": 1434.2944793701172, "deal time cost": 1452.3548623051029, "ts_src_avg": 7.528032112210989, "ts_rly01_avg": 44.79268589605527, "ts_inter_avg": 134.39030960911782, "ts_rly02_avg": 520.5482353405818, "ts_dst_avg": 3.0374962378686123}