{"ccmode": "AoR", "para_num": 190, "xtx_ratio": 0.8, "interalltxs": 414350, "interdur": 2786.0355985164642, "tps": 55.25617440109884, "latency_avg": 1360.6781043399856, "workload_file": "./locals_unix/output/workloads/AoR-190-1000-80.json", "real time cost": 2750.8238065242767, "deal time cost": 2773.3866325929994, "ts_src_avg": 7.254454279201595, "ts_rly01_avg": 67.15758373245284, "ts_inter_avg": 259.4206144364194, "ts_rly02_avg": 994.5957178123452, "ts_dst_avg": 3.0201109941288045}