{"ccmode": "AoR", "para_num": 150, "xtx_ratio": 0.8, "interalltxs": 276971, "interdur": 2116.651073217392, "tps": 57.555193361886026, "latency_avg": 1040.993214444383, "workload_file": "./locals_unix/output/workloads/AoR-150-1000-80.json", "real time cost": 2084.9552054405212, "deal time cost": 2105.4500134869013, "ts_src_avg": 7.413097518217564, "ts_rly01_avg": 44.79451457384825, "ts_inter_avg": 212.7498099538028, "ts_rly02_avg": 769.9357333826761, "ts_dst_avg": 3.022296363892158}