{"ccmode": "AoR", "para_num": 20, "xtx_ratio": 0.6, "interalltxs": 13708, "interdur": 183.38453888893127, "tps": 71.42409619082876, "latency_avg": 90.69126262164116, "workload_file": "./locals_unix/output/workloads/AoR-20-1000-60.json", "real time cost": 168.0105264186859, "deal time cost": 175.66780361699057, "ts_src_avg": 7.683370613853136, "ts_rly01_avg": 6.669253978550434, "ts_inter_avg": 11.941165060838063, "ts_rly02_avg": 59.04979953054587, "ts_dst_avg": 3.1138101739287376}