{"ccmode": "AoR", "para_num": 40, "xtx_ratio": 0.8, "interalltxs": 41174, "interdur": 475.41484332084656, "tps": 70.74050421046154, "latency_avg": 233.36833179926128, "workload_file": "./locals_unix/output/workloads/AoR-40-1000-80.json", "real time cost": 452.357533454895, "deal time cost": 465.90392736694776, "ts_src_avg": 7.319444597825408, "ts_rly01_avg": 15.392340673953294, "ts_inter_avg": 42.589192939415575, "ts_rly02_avg": 163.17159011145682, "ts_dst_avg": 3.0568866900131106}