{"ccmode": "AoR", "para_num": 160, "xtx_ratio": 0.6, "interalltxs": 231463, "interdur": 1714.4417340755463, "tps": 57.02636803769477, "latency_avg": 838.2740780575747, "workload_file": "./locals_unix/output/workloads/AoR-160-1000-60.json", "real time cost": 1683.4317755699158, "deal time cost": 1703.1762767960026, "ts_src_avg": 7.573797729020318, "ts_rly01_avg": 22.92897350754837, "ts_inter_avg": 171.70625080784163, "ts_rly02_avg": 629.6730405688211, "ts_dst_avg": 3.020044739621381}