{"ccmode": "AoR", "para_num": 200, "xtx_ratio": 1.0, "interalltxs": 563057, "interdur": 3659.720554113388, "tps": 55.23948517927544, "latency_avg": 1796.8297377338743, "workload_file": "./locals_unix/output/workloads/AoR-200-1000-100.json", "real time cost": 3620.5985510349274, "deal time cost": 3645.8715619080467, "ts_src_avg": 7.447692727169991, "ts_rly01_avg": 72.02598392894983, "ts_inter_avg": 354.6511504889834, "ts_rly02_avg": 1306.4676264285588, "ts_dst_avg": 3.0195651195192337}