{"ccmode": "AoR", "para_num": 190, "xtx_ratio": 0.2, "interalltxs": 106533, "interdur": 736.9142646789551, "tps": 53.24425894495976, "latency_avg": 351.82738283814257, "workload_file": "./locals_unix/output/workloads/AoR-190-1000-20.json", "real time cost": 713.6919689178467, "deal time cost": 724.2579938950075, "ts_src_avg": 7.560398890275704, "ts_rly01_avg": 17.022493964000752, "ts_inter_avg": 64.62585339473424, "ts_rly02_avg": 248.11886756282732, "ts_dst_avg": 3.015121435974774}