{"ccmode": "AoR", "para_num": 150, "xtx_ratio": 0.6, "interalltxs": 206882, "interdur": 1579.1776278018951, "tps": 57.96315213179517, "latency_avg": 774.252981317642, "workload_file": "./locals_unix/output/workloads/AoR-150-1000-60.json", "real time cost": 1552.7105875015259, "deal time cost": 1568.4483133059985, "ts_src_avg": 7.410111394476891, "ts_rly01_avg": 25.28211793840991, "ts_inter_avg": 157.8457864127636, "ts_rly02_avg": 576.125102032892, "ts_dst_avg": 3.0194496333705056}