{"ccmode": "AoR", "para_num": 180, "xtx_ratio": 0.2, "interalltxs": 97902, "interdur": 702.1718578338623, "tps": 53.32895507965302, "latency_avg": 335.63505941546623, "workload_file": "./locals_unix/output/workloads/AoR-180-1000-20.json", "real time cost": 675.0554168224335, "deal time cost": 689.5377880809974, "ts_src_avg": 7.3590635532736774, "ts_rly01_avg": 20.3314131861594, "ts_inter_avg": 58.1763414987127, "ts_rly02_avg": 241.74046675447622, "ts_dst_avg": 3.025379428896639}