{"ccmode": "AoR", "para_num": 140, "xtx_ratio": 0.6, "interalltxs": 185138, "interdur": 1464.8592855930328, "tps": 58.461972622402136, "latency_avg": 713.1284356457676, "workload_file": "./locals_unix/output/workloads/AoR-140-1000-60.json", "real time cost": 1436.831434726715, "deal time cost": 1453.298394491998, "ts_src_avg": 7.706490337017037, "ts_rly01_avg": 28.502877851097356, "ts_inter_avg": 142.22920724311612, "ts_rly02_avg": 528.7751217375397, "ts_dst_avg": 3.028141970359144}