{"ccmode": "AoR", "para_num": 170, "xtx_ratio": 0.2, "interalltxs": 88714, "interdur": 657.3619563579559, "tps": 53.47824530893184, "latency_avg": 314.72947471209136, "workload_file": "./locals_unix/output/workloads/AoR-170-1000-20.json", "real time cost": 635.7725427150726, "deal time cost": 645.9437360099982, "ts_src_avg": 7.78024767482982, "ts_rly01_avg": 17.145050922505995, "ts_inter_avg": 55.30372977353545, "ts_rly02_avg": 228.93222084727708, "ts_dst_avg": 3.0215760061810997}