{"ccmode": "AoR", "para_num": 120, "xtx_ratio": 1.0, "interalltxs": 238743, "interdur": 2002.6271150112152, "tps": 60.859932600860596, "latency_avg": 979.7767784724753, "workload_file": "./locals_unix/output/workloads/AoR-120-1000-100.json", "real time cost": 1971.7405996322632, "deal time cost": 1991.7366184580605, "ts_src_avg": 7.499402155749003, "ts_rly01_avg": 54.55599700699051, "ts_inter_avg": 188.73018080512284, "ts_rly02_avg": 722.9157610349099, "ts_dst_avg": 3.0303934834361077}