{"ccmode": "AoR", "para_num": 10, "xtx_ratio": 0.4, "interalltxs": 4382, "interdur": 86.50583410263062, "tps": 58.74321872419929, "latency_avg": 41.167906013965606, "workload_file": "./locals_unix/output/workloads/AoR-10-1000-40.json", "real time cost": 68.09296607971191, "deal time cost": 78.86804294299509, "ts_src_avg": 7.39173089581728, "ts_rly01_avg": 2.8470054090023043, "ts_inter_avg": 4.48671017163992, "ts_rly02_avg": 21.406461322546004, "ts_dst_avg": 3.2364321613907814}