{"ccmode": "AoR", "para_num": 50, "xtx_ratio": 0.2, "interalltxs": 14233, "interdur": 181.92490339279175, "tps": 61.65313543105843, "latency_avg": 87.38223922896385, "workload_file": "./locals_unix/output/workloads/AoR-50-1000-20.json", "real time cost": 162.19775247573853, "deal time cost": 171.80653158000496, "ts_src_avg": 7.567664170742035, "ts_rly01_avg": 6.35866393339634, "ts_inter_avg": 10.451587060284615, "ts_rly02_avg": 58.01325316896438, "ts_dst_avg": 3.04990482339859}