{"ccmode": "AoR", "para_num": 60, "xtx_ratio": 0.2, "interalltxs": 18175, "interdur": 215.92066049575806, "tps": 61.71055029175408, "latency_avg": 102.77662212405602, "workload_file": "./locals_unix/output/workloads/AoR-60-1000-20.json", "real time cost": 194.456214427948, "deal time cost": 206.13890239800094, "ts_src_avg": 7.760304482042789, "ts_rly01_avg": 7.451862448434035, "ts_inter_avg": 13.46021232865254, "ts_rly02_avg": 68.68546987030903, "ts_dst_avg": 3.047312408566475}