{"ccmode": "AoR", "para_num": 190, "xtx_ratio": 0.4, "interalltxs": 208399, "interdur": 1411.6901712417603, "tps": 54.86620764044695, "latency_avg": 686.036452105999, "workload_file": "./locals_unix/output/workloads/AoR-190-1000-40.json", "real time cost": 1385.1877734661102, "deal time cost": 1400.3385912329977, "ts_src_avg": 7.309520954750086, "ts_rly01_avg": 34.15165652004041, "ts_inter_avg": 129.8942409914575, "ts_rly02_avg": 493.2045502675897, "ts_dst_avg": 3.0186074318132903}