{"ccmode": "AoR", "para_num": 60, "xtx_ratio": 0.4, "interalltxs": 35152, "interdur": 385.00304889678955, "tps": 66.26568571999046, "latency_avg": 187.57421296514073, "workload_file": "./locals_unix/output/workloads/AoR-60-1000-40.json", "real time cost": 362.1783995628357, "deal time cost": 374.09412812200026, "ts_src_avg": 7.751172387401263, "ts_rly01_avg": 11.6474185782969, "ts_inter_avg": 32.29642830236753, "ts_rly02_avg": 130.5297147621413, "ts_dst_avg": 3.0499490542511145}