{"ccmode": "AoR", "para_num": 120, "xtx_ratio": 0.6, "interalltxs": 144412, "interdur": 1225.5424499511719, "tps": 60.12371394762749, "latency_avg": 593.8990805891686, "workload_file": "./locals_unix/output/workloads/AoR-120-1000-60.json", "real time cost": 1197.5308122634888, "deal time cost": 1215.9737006439973, "ts_src_avg": 7.55866223557459, "ts_rly01_avg": 40.73453782093856, "ts_inter_avg": 106.53343749863903, "ts_rly02_avg": 432.96861742590204, "ts_dst_avg": 3.0268144655260776}