{"ccmode": "AoR", "para_num": 70, "xtx_ratio": 0.8, "interalltxs": 85801, "interdur": 868.647705078125, "tps": 66.36105246736241, "latency_avg": 426.61074488243463, "workload_file": "./locals_unix/output/workloads/AoR-70-1000-80.json", "real time cost": 843.8684728145599, "deal time cost": 858.1872404010501, "ts_src_avg": 7.916651339173317, "ts_rly01_avg": 30.983689198272568, "ts_inter_avg": 79.17904222486274, "ts_rly02_avg": 302.7553869566151, "ts_dst_avg": 3.0395908452613014}