{"ccmode": "AoR", "para_num": 60, "xtx_ratio": 1.0, "interalltxs": 86358, "interdur": 897.8922822475433, "tps": 68.65992885079164, "latency_avg": 441.61127856654724, "workload_file": "./locals_unix/output/workloads/AoR-60-1000-100.json", "real time cost": 873.8721551895142, "deal time cost": 887.1054518779274, "ts_src_avg": 7.81435672766765, "ts_rly01_avg": 31.538213845356307, "ts_inter_avg": 84.28226000191371, "ts_rly02_avg": 312.57602097045975, "ts_dst_avg": 3.0448807698806126}