{"ccmode": "AoR", "para_num": 30, "xtx_ratio": 0.4, "interalltxs": 14813, "interdur": 198.7117898464203, "tps": 67.03602372919224, "latency_avg": 96.05361699275176, "workload_file": "./locals_unix/output/workloads/AoR-30-1000-40.json", "real time cost": 179.00823068618774, "deal time cost": 190.10492394100584, "ts_src_avg": 7.993336141387622, "ts_rly01_avg": 7.682198145051797, "ts_inter_avg": 11.820827657004198, "ts_rly02_avg": 63.64305609409014, "ts_dst_avg": 3.08714215417703}