{"ccmode": "AoR", "para_num": 140, "xtx_ratio": 0.8, "interalltxs": 246821, "interdur": 1948.6035947799683, "tps": 58.39939290177266, "latency_avg": 949.7710909841124, "workload_file": "./locals_unix/output/workloads/AoR-140-1000-80.json", "real time cost": 1917.8281559944153, "deal time cost": 1937.9492495260201, "ts_src_avg": 7.848956228015679, "ts_rly01_avg": 40.44013180874288, "ts_inter_avg": 189.3203484613576, "ts_rly02_avg": 706.3951926477552, "ts_dst_avg": 3.0217343427751744}