{"ccmode": "AoR", "para_num": 90, "xtx_ratio": 0.6, "interalltxs": 93031, "interdur": 884.0204110145569, "tps": 63.08427269241509, "latency_avg": 430.80763835348466, "workload_file": "./locals_unix/output/workloads/AoR-90-1000-60.json", "real time cost": 855.9978215694427, "deal time cost": 872.7960949939879, "ts_src_avg": 7.785251845196441, "ts_rly01_avg": 38.78865351135642, "ts_inter_avg": 69.29388584024818, "ts_rly02_avg": 309.35708622300626, "ts_dst_avg": 3.026824154610987}