{"ccmode": "AoR", "para_num": 190, "xtx_ratio": 0.6, "interalltxs": 312802, "interdur": 2113.8903958797455, "tps": 54.728804184047476, "latency_avg": 1029.2011277510514, "workload_file": "./locals_unix/output/workloads/AoR-190-1000-60.json", "real time cost": 2082.998188972473, "deal time cost": 2100.9969533330004, "ts_src_avg": 7.473304766004546, "ts_rly01_avg": 46.59018503406592, "ts_inter_avg": 198.6087802443588, "ts_rly02_avg": 749.8864101079953, "ts_dst_avg": 3.0210283056602143}