{"ccmode": "AoR", "para_num": 90, "xtx_ratio": 0.4, "interalltxs": 62578, "interdur": 604.4490265846252, "tps": 61.81726349477524, "latency_avg": 294.36426937231755, "workload_file": "./locals_unix/output/workloads/AoR-90-1000-40.json", "real time cost": 582.3615922927856, "deal time cost": 593.9604129229992, "ts_src_avg": 7.69145602675279, "ts_rly01_avg": 28.761724169015885, "ts_inter_avg": 43.42924778185288, "ts_rly02_avg": 209.06736563032203, "ts_dst_avg": 3.03229128471348}