{"ccmode": "AoR", "para_num": 70, "xtx_ratio": 0.6, "interalltxs": 64507, "interdur": 658.1127178668976, "tps": 65.99779074033026, "latency_avg": 324.32730988212995, "workload_file": "./locals_unix/output/workloads/AoR-70-1000-60.json", "real time cost": 636.3849384784698, "deal time cost": 649.700384664, "ts_src_avg": 7.918214427141916, "ts_rly01_avg": 22.924538108013927, "ts_inter_avg": 58.75797376117252, "ts_rly02_avg": 229.04722398832865, "ts_dst_avg": 3.0367861022665386}