{"ccmode": "AoR", "para_num": 140, "xtx_ratio": 0.2, "interalltxs": 63835, "interdur": 526.9506301879883, "tps": 55.84834489148724, "latency_avg": 250.88104144580024, "workload_file": "./locals_unix/output/workloads/AoR-140-1000-20.json", "real time cost": 501.3577404022217, "deal time cost": 514.7044105509995, "ts_src_avg": 7.772814297744206, "ts_rly01_avg": 16.567387262608325, "ts_inter_avg": 41.55044056608847, "ts_rly02_avg": 179.18287353217602, "ts_dst_avg": 3.0266791669385773}