{"ccmode": "AoR", "para_num": 140, "xtx_ratio": 1.0, "interalltxs": 305586, "interdur": 2391.1363475322723, "tps": 59.35660259688262, "latency_avg": 1170.0043965488026, "workload_file": "./locals_unix/output/workloads/AoR-140-1000-100.json", "real time cost": 2358.6255593299866, "deal time cost": 2380.175598400994, "ts_src_avg": 7.7665150029182435, "ts_rly01_avg": 48.17705870744671, "ts_inter_avg": 237.9390970045805, "ts_rly02_avg": 870.283330101696, "ts_dst_avg": 3.0268833075625556}