{"ccmode": "AoR", "para_num": 60, "xtx_ratio": 0.6, "interalltxs": 52351, "interdur": 558.8901863098145, "tps": 67.08623187826186, "latency_avg": 273.55611193947, "workload_file": "./locals_unix/output/workloads/AoR-60-1000-60.json", "real time cost": 536.6227762699127, "deal time cost": 550.9696871780034, "ts_src_avg": 7.734127332137691, "ts_rly01_avg": 19.74328413017591, "ts_inter_avg": 48.24180575147602, "ts_rly02_avg": 192.48444230486288, "ts_dst_avg": 3.0403464219437706}