{"ccmode": "AoR", "para_num": 110, "xtx_ratio": 0.4, "interalltxs": 84752, "interdur": 754.6892428398132, "tps": 60.29806822221458, "latency_avg": 364.72769227656994, "workload_file": "./locals_unix/output/workloads/AoR-110-1000-40.json", "real time cost": 729.7082858085632, "deal time cost": 745.7613016260002, "ts_src_avg": 7.56830334314433, "ts_rly01_avg": 23.966683073688635, "ts_inter_avg": 64.771113733167, "ts_rly02_avg": 262.35191109160945, "ts_dst_avg": 3.0343193126862698}