{"ccmode": "AoR", "para_num": 40, "xtx_ratio": 0.2, "interalltxs": 10771, "interdur": 149.78913831710815, "tps": 62.25677260600418, "latency_avg": 70.57215528488159, "workload_file": "./locals_unix/output/workloads/AoR-40-1000-20.json", "real time cost": 128.50007581710815, "deal time cost": 140.5811691120034, "ts_src_avg": 7.309504575997591, "ts_rly01_avg": 4.406180352330208, "ts_inter_avg": 7.952340350866318, "ts_rly02_avg": 45.97159536880255, "ts_dst_avg": 3.055567548751831}