{"ccmode": "AoR", "para_num": 200, "xtx_ratio": 0.6, "interalltxs": 340187, "interdur": 2224.4165596961975, "tps": 54.70434643726422, "latency_avg": 1084.3014554766437, "workload_file": "./locals_unix/output/workloads/AoR-200-1000-60.json", "real time cost": 2193.6099746227264, "deal time cost": 2211.4315929959994, "ts_src_avg": 7.239476947293679, "ts_rly01_avg": 40.06245385700464, "ts_inter_avg": 216.48144842666784, "ts_rly02_avg": 787.3592974112312, "ts_dst_avg": 3.022009192623695}