{"ccmode": "AoR", "para_num": 60, "xtx_ratio": 0.8, "interalltxs": 69401, "interdur": 730.5038027763367, "tps": 68.242342836485, "latency_avg": 358.0037780602823, "workload_file": "./locals_unix/output/workloads/AoR-60-1000-80.json", "real time cost": 703.3756170272827, "deal time cost": 719.8268331929576, "ts_src_avg": 7.742706218555569, "ts_rly01_avg": 24.91058167136709, "ts_inter_avg": 66.5038891699165, "ts_rly02_avg": 253.49393566655118, "ts_dst_avg": 3.046871336206794}