{"ccmode": "AoR", "para_num": 30, "xtx_ratio": 1.0, "interalltxs": 36125, "interdur": 424.24226212501526, "tps": 74.26575880919333, "latency_avg": 210.14472103554408, "workload_file": "./locals_unix/output/workloads/AoR-30-1000-100.json", "real time cost": 403.9546687602997, "deal time cost": 416.11987920606043, "ts_src_avg": 7.976497396262487, "ts_rly01_avg": 15.797885808491706, "ts_inter_avg": 38.21503820045789, "ts_rly02_avg": 142.87082694700558, "ts_dst_avg": 3.07985432750384}