{"ccmode": "AoR", "para_num": 160, "xtx_ratio": 0.8, "interalltxs": 308166, "interdur": 2276.6320340633392, "tps": 57.026057116414485, "latency_avg": 1113.8342009854448, "workload_file": "./locals_unix/output/workloads/AoR-160-1000-80.json", "real time cost": 2244.587938785553, "deal time cost": 2264.634623460006, "ts_src_avg": 7.648959221363068, "ts_rly01_avg": 26.049357943037524, "ts_inter_avg": 232.69351202769204, "ts_rly02_avg": 841.1497629759702, "ts_dst_avg": 3.0208548821508883}