{"ccmode": "AoR", "para_num": 50, "xtx_ratio": 1.0, "interalltxs": 67895, "interdur": 735.855096578598, "tps": 70.21328332072532, "latency_avg": 362.70362356645586, "workload_file": "./locals_unix/output/workloads/AoR-50-1000-100.json", "real time cost": 712.1159648895264, "deal time cost": 725.918876562966, "ts_src_avg": 7.667897941980362, "ts_rly01_avg": 20.058106469745635, "ts_inter_avg": 74.20873916345596, "ts_rly02_avg": 255.51430986155034, "ts_dst_avg": 3.0536865790081023}