{"ccmode": "AoR", "para_num": 130, "xtx_ratio": 0.2, "interalltxs": 56411, "interdur": 482.500342130661, "tps": 56.83387800301535, "latency_avg": 230.11086129957897, "workload_file": "./locals_unix/output/workloads/AoR-130-1000-20.json", "real time cost": 457.4736216068268, "deal time cost": 471.2511690199899, "ts_src_avg": 7.992890995667531, "ts_rly01_avg": 15.6553405752182, "ts_inter_avg": 37.65245449067996, "ts_rly02_avg": 163.27127178033498, "ts_dst_avg": 3.0205313961047393}