{"ccmode": "AoR", "para_num": 20, "xtx_ratio": 0.2, "interalltxs": 4786, "interdur": 87.51445436477661, "tps": 55.75868478358901, "latency_avg": 42.42936682111025, "workload_file": "./locals_unix/output/workloads/AoR-20-1000-20.json", "real time cost": 71.73770356178284, "deal time cost": 79.16810460000124, "ts_src_avg": 7.631305857360363, "ts_rly01_avg": 2.457038238763809, "ts_inter_avg": 4.806732432305813, "ts_rly02_avg": 21.999003635406496, "ts_dst_avg": 3.1187568258047103}