{"ccmode": "AoR", "para_num": 30, "xtx_ratio": 0.6, "interalltxs": 21886, "interdur": 271.84019017219543, "tps": 70.87102422453565, "latency_avg": 134.3718094795015, "workload_file": "./locals_unix/output/workloads/AoR-30-1000-60.json", "real time cost": 253.98250126838684, "deal time cost": 262.4356692010042, "ts_src_avg": 7.971647047201793, "ts_rly01_avg": 8.758866099013222, "ts_inter_avg": 22.548609687566756, "ts_rly02_avg": 89.62469015314844, "ts_dst_avg": 3.074607345170445}