{"ccmode": "AoR", "para_num": 40, "xtx_ratio": 1.0, "interalltxs": 51155, "interdur": 576.6014227867126, "tps": 72.01229818753706, "latency_avg": 285.20601739007236, "workload_file": "./locals_unix/output/workloads/AoR-40-1000-100.json", "real time cost": 555.4606783390045, "deal time cost": 566.7106353660347, "ts_src_avg": 7.297607751613856, "ts_rly01_avg": 17.74351916460991, "ts_inter_avg": 55.86374603306055, "ts_rly02_avg": 199.415872586751, "ts_dst_avg": 3.064260325974226}