{"ccmode": "AoR", "para_num": 160, "xtx_ratio": 0.2, "interalltxs": 78999, "interdur": 603.0578017234802, "tps": 55.337025804991555, "latency_avg": 288.0103775408193, "workload_file": "./locals_unix/output/workloads/AoR-160-1000-20.json", "real time cost": 578.2746639251709, "deal time cost": 591.5350713059888, "ts_src_avg": 7.778845730647444, "ts_rly01_avg": 19.54682942535728, "ts_inter_avg": 47.306429035693405, "ts_rly02_avg": 207.13999005283415, "ts_dst_avg": 3.0233621398583055}