{"ccmode": "AoR", "para_num": 90, "xtx_ratio": 0.8, "interalltxs": 123433, "interdur": 1161.8951020240784, "tps": 63.38666351329705, "latency_avg": 569.1428780991733, "workload_file": "./locals_unix/output/workloads/AoR-90-1000-80.json", "real time cost": 1135.8856265544891, "deal time cost": 1152.0850640810095, "ts_src_avg": 7.756806791537338, "ts_rly01_avg": 31.12679177778959, "ts_inter_avg": 111.4081745047503, "ts_rly02_avg": 413.3595952116483, "ts_dst_avg": 3.035552589022451}