{"ccmode": "NoR", "para_num": 80, "xtx_ratio": 0.6, "interalltxs": 0, "interdur": 0, "tps": 335.63993934351976, "latency_avg": 70.02454284077882, "workload_file": "./locals_unix/output/workloads/NoR-80-1000-60.json", "real time cost": 143.0103940963745, "deal time cost": 153.4584000010218, "ts_src_avg": 12.903862640798092, "ts_rly_avg": 22.967805176948506, "ts_dst_avg": 33.11101330590745}