{"ccmode": "NoR", "para_num": 10, "xtx_ratio": 0.4, "interalltxs": 0, "interdur": 0, "tps": 96.73462096447783, "latency_avg": 25.06062899720669, "workload_file": "./locals_unix/output/workloads/NoR-10-1000-40.json", "real time cost": 41.350242137908936, "deal time cost": 48.458010198999546, "ts_src_avg": 8.128299218952655, "ts_rly_avg": 7.899192191720009, "ts_dst_avg": 8.102775159597396}