{"ccmode": "NoR", "para_num": 190, "xtx_ratio": 0.2, "interalltxs": 0, "interdur": 0, "tps": 73.69201751275948, "latency_avg": 196.16906076064237, "workload_file": "./locals_unix/output/workloads/NoR-190-1000-20.json", "real time cost": 515.6596505641937, "deal time cost": 527.5270988999982, "ts_src_avg": 17.153295921551553, "ts_rly_avg": 51.988820158469046, "ts_dst_avg": 125.89370784189826}