{"ccmode": "NoR", "para_num": 180, "xtx_ratio": 1.0, "interalltxs": 0, "interdur": 0, "tps": 376.6299282599377, "latency_avg": 182.6007633499225, "workload_file": "./locals_unix/output/workloads/NoR-180-1000-100.json", "real time cost": 477.9227206707001, "deal time cost": 504.0107797230594, "ts_src_avg": 17.27485567327208, "ts_rly_avg": 50.096800613431135, "ts_dst_avg": 112.20787598632177}