{"ccmode": "NoR", "para_num": 10, "xtx_ratio": 0.2, "interalltxs": 0, "interdur": 0, "tps": 60.60488145318354, "latency_avg": 22.453858538746832, "workload_file": "./locals_unix/output/workloads/NoR-10-1000-20.json", "real time cost": 33.00064206123352, "deal time cost": 38.51922202100104, "ts_src_avg": 8.02474922502041, "ts_rly_avg": 6.947698801636696, "ts_dst_avg": 6.576220561146736}