{"ccmode": "NoR", "para_num": 70, "xtx_ratio": 0.2, "interalltxs": 0, "interdur": 0, "tps": 126.26246513603094, "latency_avg": 61.26482101680551, "workload_file": "./locals_unix/output/workloads/NoR-70-1000-20.json", "real time cost": 110.88014149665833, "deal time cost": 121.19451478299743, "ts_src_avg": 13.844663760696138, "ts_rly_avg": 21.36715805390903, "ts_dst_avg": 24.978965973785947}