{"ccmode": "NoR", "para_num": 190, "xtx_ratio": 0.4, "interalltxs": 0, "interdur": 0, "tps": 139.7218856644445, "latency_avg": 204.35744695106618, "workload_file": "./locals_unix/output/workloads/NoR-190-1000-40.json", "real time cost": 543.9376919269562, "deal time cost": 559.501058252994, "ts_src_avg": 18.201678100862, "ts_rly_avg": 54.32258622286194, "ts_dst_avg": 130.32088820059047}