{"ccmode": "NoR", "para_num": 110, "xtx_ratio": 0.4, "interalltxs": 0, "interdur": 0, "tps": 207.89808380831664, "latency_avg": 97.7407613045194, "workload_file": "./locals_unix/output/workloads/NoR-110-1000-40.json", "real time cost": 211.64216232299805, "deal time cost": 224.0302253619884, "ts_src_avg": 15.212010768332265, "ts_rly_avg": 30.899875496441666, "ts_dst_avg": 50.58678391326558}