{"ccmode": "NoR", "para_num": 100, "xtx_ratio": 0.2, "interalltxs": 0, "interdur": 0, "tps": 112.57352536075824, "latency_avg": 85.76280223082304, "workload_file": "./locals_unix/output/workloads/NoR-100-1000-20.json", "real time cost": 177.6616654396057, "deal time cost": 187.32390257099178, "ts_src_avg": 14.927722014474869, "ts_rly_avg": 28.268582144641876, "ts_dst_avg": 41.514267075550556}