{"ccmode": "NoR", "para_num": 60, "xtx_ratio": 0.2, "interalltxs": 0, "interdur": 0, "tps": 125.62378321544249, "latency_avg": 54.069194390296936, "workload_file": "./locals_unix/output/workloads/NoR-60-1000-20.json", "real time cost": 95.52331328392029, "deal time cost": 105.91338616899156, "ts_src_avg": 13.50174666571617, "ts_rly_avg": 19.083352661848068, "ts_dst_avg": 20.582818798979122}