{"ccmode": "NoR", "para_num": 180, "xtx_ratio": 0.2, "interalltxs": 0, "interdur": 0, "tps": 75.22873569753207, "latency_avg": 182.00746664716138, "workload_file": "./locals_unix/output/workloads/NoR-180-1000-20.json", "real time cost": 478.54054260253906, "deal time cost": 490.1438305549964, "ts_src_avg": 17.395282306585045, "ts_rly_avg": 49.47365427764919, "ts_dst_avg": 114.07420853648583}