{"ccmode": "NoR", "para_num": 140, "xtx_ratio": 0.6, "interalltxs": 0, "interdur": 0, "tps": 245.7539425493067, "latency_avg": 143.60851159965424, "workload_file": "./locals_unix/output/workloads/NoR-140-1000-60.json", "real time cost": 341.80529975891113, "deal time cost": 357.361560446996, "ts_src_avg": 17.72956778927928, "ts_rly_avg": 42.180050930996735, "ts_dst_avg": 82.52521033449683}