{"ccmode": "NoR", "para_num": 200, "xtx_ratio": 1.0, "interalltxs": 0, "interdur": 0, "tps": 352.401722234969, "latency_avg": 204.51885139629482, "workload_file": "./locals_unix/output/workloads/NoR-200-1000-100.json", "real time cost": 567.534116268158, "deal time cost": 594.0472279089736, "ts_src_avg": 17.697294297902584, "ts_rly_avg": 55.155413001359705, "ts_dst_avg": 126.80847849285244}