{"ccmode": "NoR", "para_num": 60, "xtx_ratio": 0.4, "interalltxs": 0, "interdur": 0, "tps": 237.31323796245206, "latency_avg": 56.011762076268596, "workload_file": "./locals_unix/output/workloads/NoR-60-1000-40.json", "real time cost": 101.13215851783752, "deal time cost": 110.45898604400281, "ts_src_avg": 13.296378880699475, "ts_rly_avg": 19.253688967585564, "ts_dst_avg": 22.520810498098534}