{"ccmode": "NoR", "para_num": 70, "xtx_ratio": 0.4, "interalltxs": 0, "interdur": 0, "tps": 241.20272998812635, "latency_avg": 61.882030564989364, "workload_file": "./locals_unix/output/workloads/NoR-70-1000-40.json", "real time cost": 116.08492159843445, "deal time cost": 127.0270845680061, "ts_src_avg": 13.263636429131031, "ts_rly_avg": 20.959145637290817, "ts_dst_avg": 26.441805793932506}