{"ccmode": "NoR", "para_num": 10, "xtx_ratio": 0.6, "interalltxs": 0, "interdur": 0, "tps": 128.2553684886954, "latency_avg": 27.595034745693205, "workload_file": "./locals_unix/output/workloads/NoR-10-1000-60.json", "real time cost": 46.78166747093201, "deal time cost": 53.541078776994254, "ts_src_avg": 8.191788230339686, "ts_rly_avg": 8.642776871204376, "ts_dst_avg": 9.816271908243497}