{"ccmode": "NoR", "para_num": 90, "xtx_ratio": 0.4, "interalltxs": 0, "interdur": 0, "tps": 230.92510831916366, "latency_avg": 78.5059382790923, "workload_file": "./locals_unix/output/workloads/NoR-90-1000-40.json", "real time cost": 155.8946979045868, "deal time cost": 168.00581163300376, "ts_src_avg": 14.232307609326309, "ts_rly_avg": 25.892700608776675, "ts_dst_avg": 37.36555035964648}