{"ccmode": "NoR", "para_num": 10, "xtx_ratio": 0.8, "interalltxs": 0, "interdur": 0, "tps": 152.27434973644995, "latency_avg": 29.936626679748297, "workload_file": "./locals_unix/output/workloads/NoR-10-1000-80.json", "real time cost": 52.53675365447998, "deal time cost": 59.06642651898437, "ts_src_avg": 8.29307141008973, "ts_rly_avg": 9.600878671050072, "ts_dst_avg": 11.124997234851122}