{"ccmode": "NoR", "para_num": 170, "xtx_ratio": 0.2, "interalltxs": 0, "interdur": 0, "tps": 72.72695917052364, "latency_avg": 186.58036992681727, "workload_file": "./locals_unix/output/workloads/NoR-170-1000-20.json", "real time cost": 467.5020155906677, "deal time cost": 480.69348299500416, "ts_src_avg": 19.73095517065946, "ts_rly_avg": 52.05044588558113, "ts_dst_avg": 113.79628618609205}