{"ccmode": "NoR", "para_num": 80, "xtx_ratio": 0.2, "interalltxs": 0, "interdur": 0, "tps": 123.04339538076823, "latency_avg": 66.60799496631324, "workload_file": "./locals_unix/output/workloads/NoR-80-1000-20.json", "real time cost": 130.0354232788086, "deal time cost": 141.4727856029931, "ts_src_avg": 13.524845135509969, "ts_rly_avg": 22.83320600245893, "ts_dst_avg": 29.210670004174112}