{"ccmode": "NoR", "para_num": 50, "xtx_ratio": 1.0, "interalltxs": 0, "interdur": 0, "tps": 492.3085833503553, "latency_avg": 51.21241191199303, "workload_file": "./locals_unix/output/workloads/NoR-50-1000-100.json", "real time cost": 101.56231617927551, "deal time cost": 112.23934737301897, "ts_src_avg": 10.216864782361984, "ts_rly_avg": 16.519087253828047, "ts_dst_avg": 23.516910515766146}