{"ccmode": "NoR", "para_num": 150, "xtx_ratio": 1.0, "interalltxs": 0, "interdur": 0, "tps": 383.5603060738884, "latency_avg": 164.0241278701814, "workload_file": "./locals_unix/output/workloads/NoR-150-1000-100.json", "real time cost": 391.0727925300598, "deal time cost": 414.32957547996193, "ts_src_avg": 18.47793537051678, "ts_rly_avg": 46.6365678099982, "ts_dst_avg": 97.53936736363411}