{"ccmode": "NoR", "para_num": 80, "xtx_ratio": 0.4, "interalltxs": 0, "interdur": 0, "tps": 239.90832980075356, "latency_avg": 66.45166023404896, "workload_file": "./locals_unix/output/workloads/NoR-80-1000-40.json", "real time cost": 133.3842806816101, "deal time cost": 146.19692532499903, "ts_src_avg": 12.896288022078574, "ts_rly_avg": 22.23101813455671, "ts_dst_avg": 30.329985192745923}