{"ccmode": "NoR", "para_num": 120, "xtx_ratio": 0.6, "interalltxs": 0, "interdur": 0, "tps": 276.83232675287275, "latency_avg": 112.5092524747981, "workload_file": "./locals_unix/output/workloads/NoR-120-1000-60.json", "real time cost": 260.085232257843, "deal time cost": 275.0745497579919, "ts_src_avg": 15.715199104878637, "ts_rly_avg": 34.53213812961843, "ts_dst_avg": 61.205253996325865}