{"ccmode": "NoR", "para_num": 170, "xtx_ratio": 0.8, "interalltxs": 0, "interdur": 0, "tps": 290.50892333174346, "latency_avg": 180.97577324561863, "workload_file": "./locals_unix/output/workloads/NoR-170-1000-80.json", "real time cost": 468.143967628479, "deal time cost": 488.8485222790041, "ts_src_avg": 18.24883648700574, "ts_rly_avg": 50.1960246542552, "ts_dst_avg": 110.53354082707797}