{"ccmode": "NoR", "para_num": 20, "xtx_ratio": 0.2, "interalltxs": 0, "interdur": 0, "tps": 98.27379558731444, "latency_avg": 26.93198679959774, "workload_file": "./locals_unix/output/workloads/NoR-20-1000-20.json", "real time cost": 40.70261025428772, "deal time cost": 48.70866410600138, "ts_src_avg": 8.90654452085495, "ts_rly_avg": 8.76858178383112, "ts_dst_avg": 8.138432821452618}