{"ccmode": "NoR", "para_num": 200, "xtx_ratio": 0.6, "interalltxs": 0, "interdur": 0, "tps": 209.33430515449774, "latency_avg": 209.95517688857316, "workload_file": "./locals_unix/output/workloads/NoR-200-1000-60.json", "real time cost": 573.2457463741302, "deal time cost": 594.4367064670078, "ts_src_avg": 18.056595019594827, "ts_rly_avg": 55.524627092734974, "ts_dst_avg": 133.47371778392593}