{"ccmode": "NoR", "para_num": 140, "xtx_ratio": 0.2, "interalltxs": 0, "interdur": 0, "tps": 90.11933743397859, "latency_avg": 137.60589363769122, "workload_file": "./locals_unix/output/workloads/NoR-140-1000-20.json", "real time cost": 310.6991329193115, "deal time cost": 324.2449071870069, "ts_src_avg": 17.602560648620127, "ts_rly_avg": 41.245462919882364, "ts_dst_avg": 77.64758879977465}