{"ccmode": "NoR", "para_num": 110, "xtx_ratio": 0.6, "interalltxs": 0, "interdur": 0, "tps": 296.62992420036926, "latency_avg": 102.99725133308498, "workload_file": "./locals_unix/output/workloads/NoR-110-1000-60.json", "real time cost": 222.49946689605713, "deal time cost": 234.6131597230269, "ts_src_avg": 15.933457970369945, "ts_rly_avg": 32.09456151333, "ts_dst_avg": 53.90004401271993}