{"ccmode": "NoR", "para_num": 50, "xtx_ratio": 0.8, "interalltxs": 0, "interdur": 0, "tps": 414.4823480683769, "latency_avg": 48.460874658691885, "workload_file": "./locals_unix/output/workloads/NoR-50-1000-80.json", "real time cost": 96.50591921806335, "deal time cost": 107.72868012002436, "ts_src_avg": 10.284849449014663, "ts_rly_avg": 15.820930415207147, "ts_dst_avg": 21.398393171054124}