{"ccmode": "NoR", "para_num": 140, "xtx_ratio": 0.4, "interalltxs": 0, "interdur": 0, "tps": 166.80641922332882, "latency_avg": 140.8151418921777, "workload_file": "./locals_unix/output/workloads/NoR-140-1000-40.json", "real time cost": 335.71849489212036, "deal time cost": 350.18753400299465, "ts_src_avg": 17.806760891565254, "ts_rly_avg": 41.79193415583883, "ts_dst_avg": 80.0931526834028}