{"ccmode": "NoR", "para_num": 130, "xtx_ratio": 1.0, "interalltxs": 0, "interdur": 0, "tps": 419.7353231829928, "latency_avg": 134.69340689101585, "workload_file": "./locals_unix/output/workloads/NoR-130-1000-100.json", "real time cost": 309.71898913383484, "deal time cost": 331.67777571605984, "ts_src_avg": 17.065578983990964, "ts_rly_avg": 39.52395097222328, "ts_dst_avg": 76.89514113598054}