{"ccmode": "NoR", "para_num": 160, "xtx_ratio": 0.2, "interalltxs": 0, "interdur": 0, "tps": 75.35291508073848, "latency_avg": 171.11742715772988, "workload_file": "./locals_unix/output/workloads/NoR-160-1000-20.json", "real time cost": 424.6683750152588, "deal time cost": 434.9758026299969, "ts_src_avg": 19.159024902768433, "ts_rly_avg": 48.78183978614211, "ts_dst_avg": 102.15809246136249}