{"ccmode": "NoR", "para_num": 30, "xtx_ratio": 0.4, "interalltxs": 0, "interdur": 0, "tps": 207.83007299312268, "latency_avg": 34.21718592836459, "workload_file": "./locals_unix/output/workloads/NoR-30-1000-40.json", "real time cost": 57.73947834968567, "deal time cost": 69.13593470300839, "ts_src_avg": 9.637123502055804, "ts_rly_avg": 11.605420083085695, "ts_dst_avg": 12.054227788428465}