{"ccmode": "NoR", "para_num": 110, "xtx_ratio": 0.2, "interalltxs": 0, "interdur": 0, "tps": 107.52899925912706, "latency_avg": 96.38554561458935, "workload_file": "./locals_unix/output/workloads/NoR-110-1000-20.json", "real time cost": 204.59597086906433, "deal time cost": 217.49453097399964, "ts_src_avg": 15.786490659291093, "ts_rly_avg": 30.89806743109226, "ts_dst_avg": 48.7332344453985}