{"ccmode": "NoR", "para_num": 130, "xtx_ratio": 0.4, "interalltxs": 0, "interdur": 0, "tps": 182.32384773643105, "latency_avg": 124.89255939408908, "workload_file": "./locals_unix/output/workloads/NoR-130-1000-40.json", "real time cost": 285.20679354667664, "deal time cost": 298.98314432599, "ts_src_avg": 17.065214436521895, "ts_rly_avg": 37.88440111314333, "ts_dst_avg": 68.88721781545877}