{"ccmode": "NoR", "para_num": 160, "xtx_ratio": 0.6, "interalltxs": 0, "interdur": 0, "tps": 234.90476369074796, "latency_avg": 165.39936130566647, "workload_file": "./locals_unix/output/workloads/NoR-160-1000-60.json", "real time cost": 408.67625880241394, "deal time cost": 424.2487281629874, "ts_src_avg": 17.534405075863003, "ts_rly_avg": 46.649845859130224, "ts_dst_avg": 99.8342375912865}