{"ccmode": "NoR", "para_num": 100, "xtx_ratio": 0.6, "interalltxs": 0, "interdur": 0, "tps": 306.51509889613305, "latency_avg": 92.02866847598155, "workload_file": "./locals_unix/output/workloads/NoR-100-1000-60.json", "real time cost": 195.74892139434814, "deal time cost": 208.84612736699637, "ts_src_avg": 15.029341207563878, "ts_rly_avg": 29.369660824426017, "ts_dst_avg": 46.57181863583724}