{"ccmode": "NoR", "para_num": 200, "xtx_ratio": 0.8, "interalltxs": 0, "interdur": 0, "tps": 279.5066675869871, "latency_avg": 207.16185926377773, "workload_file": "./locals_unix/output/workloads/NoR-200-1000-80.json", "real time cost": 572.4371492862701, "deal time cost": 593.3197917100042, "ts_src_avg": 17.894979818728565, "ts_rly_avg": 55.68938997843862, "ts_dst_avg": 129.66110482987614}