{"ccmode": "NoR", "para_num": 150, "xtx_ratio": 0.2, "interalltxs": 0, "interdur": 0, "tps": 82.92118165570272, "latency_avg": 153.91258284977278, "workload_file": "./locals_unix/output/workloads/NoR-150-1000-20.json", "real time cost": 361.78934502601624, "deal time cost": 374.4892208849924, "ts_src_avg": 18.767473606801033, "ts_rly_avg": 45.04647047551473, "ts_dst_avg": 89.11309550335407}