{"ccmode": "NoR", "para_num": 40, "xtx_ratio": 0.8, "interalltxs": 0, "interdur": 0, "tps": 392.1621053198292, "latency_avg": 42.83226455232501, "workload_file": "./locals_unix/output/workloads/NoR-40-1000-80.json", "real time cost": 81.59890913963318, "deal time cost": 91.97021233302075, "ts_src_avg": 9.261585495360196, "ts_rly_avg": 13.988895446375013, "ts_dst_avg": 18.456636448390782}