{"ccmode": "NoR", "para_num": 130, "xtx_ratio": 0.8, "interalltxs": 0, "interdur": 0, "tps": 342.36942418459387, "latency_avg": 132.4560537323906, "workload_file": "./locals_unix/output/workloads/NoR-130-1000-80.json", "real time cost": 303.7654435634613, "deal time cost": 318.82919083500747, "ts_src_avg": 17.29261988437405, "ts_rly_avg": 39.17627988144526, "ts_dst_avg": 74.70847999643134}