{"ccmode": "NoR", "para_num": 10, "xtx_ratio": 1.0, "interalltxs": 0, "interdur": 0, "tps": 170.52661918271434, "latency_avg": 32.561970941758155, "workload_file": "./locals_unix/output/workloads/NoR-10-1000-100.json", "real time cost": 58.641870975494385, "deal time cost": 64.23407537199091, "ts_src_avg": 8.413915357327461, "ts_rly_avg": 10.16384559621811, "ts_dst_avg": 13.040441754817962}