{"ccmode": "NoR", "para_num": 30, "xtx_ratio": 0.6, "interalltxs": 0, "interdur": 0, "tps": 286.7920979027806, "latency_avg": 36.80798271257348, "workload_file": "./locals_unix/output/workloads/NoR-30-1000-60.json", "real time cost": 62.763235569000244, "deal time cost": 75.67938104498899, "ts_src_avg": 9.701771057605743, "ts_rly_avg": 12.239340767555767, "ts_dst_avg": 13.948477952837944}