{"ccmode": "NoR", "para_num": 190, "xtx_ratio": 0.8, "interalltxs": 0, "interdur": 0, "tps": 279.826090784051, "latency_avg": 207.65622400628266, "workload_file": "./locals_unix/output/workloads/NoR-190-1000-80.json", "real time cost": 543.1945233345032, "deal time cost": 565.4744771319965, "ts_src_avg": 19.039657480332412, "ts_rly_avg": 56.27743396632923, "ts_dst_avg": 129.30695265358528}