{"ccmode": "NoR", "para_num": 30, "xtx_ratio": 0.8, "interalltxs": 0, "interdur": 0, "tps": 333.32252978973395, "latency_avg": 39.4113681460917, "workload_file": "./locals_unix/output/workloads/NoR-30-1000-80.json", "real time cost": 72.00233364105225, "deal time cost": 79.81863344000885, "ts_src_avg": 9.61289184760054, "ts_rly_avg": 12.823891010473172, "ts_dst_avg": 15.996631431609392}