{"ccmode": "NoR", "para_num": 120, "xtx_ratio": 1.0, "interalltxs": 0, "interdur": 0, "tps": 450.36780821336987, "latency_avg": 118.73988134682973, "workload_file": "./locals_unix/output/workloads/NoR-120-1000-100.json", "real time cost": 266.4488842487335, "deal time cost": 285.4347777699586, "ts_src_avg": 15.789643596184254, "ts_rly_avg": 35.49820140070717, "ts_dst_avg": 66.2442195433716}