{"ccmode": "NoR", "para_num": 20, "xtx_ratio": 0.4, "interalltxs": 0, "interdur": 0, "tps": 162.23678841476564, "latency_avg": 29.795258635580538, "workload_file": "./locals_unix/output/workloads/NoR-20-1000-40.json", "real time cost": 49.310640811920166, "deal time cost": 58.686926339010824, "ts_src_avg": 9.119210247725249, "ts_rly_avg": 9.70467119666934, "ts_dst_avg": 9.778630432218312}