{"ccmode": "NoR", "para_num": 170, "xtx_ratio": 0.4, "interalltxs": 0, "interdur": 0, "tps": 143.56494360628204, "latency_avg": 191.6382343666764, "workload_file": "./locals_unix/output/workloads/NoR-170-1000-40.json", "real time cost": 473.65323519706726, "deal time cost": 488.12896126801206, "ts_src_avg": 20.0237234768026, "ts_rly_avg": 53.04218360742751, "ts_dst_avg": 117.3571258103006}