{"ccmode": "NoR", "para_num": 140, "xtx_ratio": 0.8, "interalltxs": 0, "interdur": 0, "tps": 319.34566944948915, "latency_avg": 146.84225237043202, "workload_file": "./locals_unix/output/workloads/NoR-140-1000-80.json", "real time cost": 350.7171404361725, "deal time cost": 370.4138871250034, "ts_src_avg": 17.7309040077648, "ts_rly_avg": 42.582423427328465, "ts_dst_avg": 85.12726849282001}