{"ccmode": "NoR", "para_num": 90, "xtx_ratio": 0.2, "interalltxs": 0, "interdur": 0, "tps": 122.5287940663008, "latency_avg": 74.25561118458377, "workload_file": "./locals_unix/output/workloads/NoR-90-1000-20.json", "real time cost": 146.90424513816833, "deal time cost": 156.7618461640086, "ts_src_avg": 14.07308468691508, "ts_rly_avg": 24.959827464487816, "ts_dst_avg": 34.20406257708867}