{"ccmode": "NoR", "para_num": 40, "xtx_ratio": 0.2, "interalltxs": 0, "interdur": 0, "tps": 137.74436049730124, "latency_avg": 34.61955929848552, "workload_file": "./locals_unix/output/workloads/NoR-40-1000-20.json", "real time cost": 58.07860279083252, "deal time cost": 69.32733454000845, "ts_src_avg": 9.276194706648589, "ts_rly_avg": 11.873725028246641, "ts_dst_avg": 12.314503290981055}