{"ccmode": "NoR", "para_num": 90, "xtx_ratio": 0.8, "interalltxs": 0, "interdur": 0, "tps": 412.3836539874953, "latency_avg": 82.66830164950424, "workload_file": "./locals_unix/output/workloads/NoR-90-1000-80.json", "real time cost": 174.5946991443634, "deal time cost": 189.33325682600844, "ts_src_avg": 13.86144323460261, "ts_rly_avg": 26.42810751307673, "ts_dst_avg": 41.342566875918045}