{"ccmode": "NoR", "para_num": 180, "xtx_ratio": 0.4, "interalltxs": 0, "interdur": 0, "tps": 144.9839636701729, "latency_avg": 189.87547746533156, "workload_file": "./locals_unix/output/workloads/NoR-180-1000-40.json", "real time cost": 496.60664653778076, "deal time cost": 509.2238191130018, "ts_src_avg": 17.735148798147836, "ts_rly_avg": 51.37010013366739, "ts_dst_avg": 119.55226263769137}