{"ccmode": "NoR", "para_num": 90, "xtx_ratio": 1.0, "interalltxs": 0, "interdur": 0, "tps": 499.604727297252, "latency_avg": 85.92992985586325, "workload_file": "./locals_unix/output/workloads/NoR-90-1000-100.json", "real time cost": 180.14241075515747, "deal time cost": 196.56049371801782, "ts_src_avg": 13.834920317731964, "ts_rly_avg": 26.97072795510822, "ts_dst_avg": 44.03586290450891}