{"ccmode": "NoR", "para_num": 40, "xtx_ratio": 0.6, "interalltxs": 0, "interdur": 0, "tps": 324.68383406707994, "latency_avg": 41.074834898402294, "workload_file": "./locals_unix/output/workloads/NoR-40-1000-60.json", "real time cost": 73.91806268692017, "deal time cost": 85.27734045500983, "ts_src_avg": 9.91904592187206, "ts_rly_avg": 13.537446328471104, "ts_dst_avg": 16.425531448185446}