{"ccmode": "NoR", "para_num": 70, "xtx_ratio": 0.8, "interalltxs": 0, "interdur": 0, "tps": 416.7680795539795, "latency_avg": 67.66554668480583, "workload_file": "./locals_unix/output/workloads/NoR-70-1000-80.json", "real time cost": 134.36729621887207, "deal time cost": 147.53914044401608, "ts_src_avg": 13.371355158048017, "ts_rly_avg": 22.07623281579784, "ts_dst_avg": 31.1094383759456}