{"ccmode": "NoR", "para_num": 60, "xtx_ratio": 1.0, "interalltxs": 0, "interdur": 0, "tps": 478.57960110565784, "latency_avg": 64.38792988085349, "workload_file": "./locals_unix/output/workloads/NoR-60-1000-100.json", "real time cost": 125.3709933757782, "deal time cost": 138.992567416979, "ts_src_avg": 13.390897822157543, "ts_rly_avg": 20.807539211165906, "ts_dst_avg": 29.122802087557314}