{"ccmode": "NoR", "para_num": 130, "xtx_ratio": 0.2, "interalltxs": 0, "interdur": 0, "tps": 94.4029697968421, "latency_avg": 122.56579183589496, "workload_file": "./locals_unix/output/workloads/NoR-130-1000-20.json", "real time cost": 275.4150643348694, "deal time cost": 287.974225323007, "ts_src_avg": 17.19312990318812, "ts_rly_avg": 37.65626530746313, "ts_dst_avg": 66.77335171686686}