{"ccmode": "NoR", "para_num": 60, "xtx_ratio": 0.6, "interalltxs": 0, "interdur": 0, "tps": 317.1257042022554, "latency_avg": 59.550778198242185, "workload_file": "./locals_unix/output/workloads/NoR-60-1000-60.json", "real time cost": 113.5196533203125, "deal time cost": 125.45923309100908, "ts_src_avg": 13.598421070549223, "ts_rly_avg": 20.062794559531742, "ts_dst_avg": 24.87693651509285}