{"ccmode": "NoR", "para_num": 70, "xtx_ratio": 0.6, "interalltxs": 0, "interdur": 0, "tps": 336.12239353613353, "latency_avg": 63.882651210665706, "workload_file": "./locals_unix/output/workloads/NoR-70-1000-60.json", "real time cost": 124.95448327064514, "deal time cost": 137.96709891001228, "ts_src_avg": 13.005063414619082, "ts_rly_avg": 21.25084667653697, "ts_dst_avg": 28.61220908938703}