{"ccmode": "NoR", "para_num": 170, "xtx_ratio": 0.6, "interalltxs": 0, "interdur": 0, "tps": 218.48557211562039, "latency_avg": 182.2471472323081, "workload_file": "./locals_unix/output/workloads/NoR-170-1000-60.json", "real time cost": 466.8500487804413, "deal time cost": 485.2260172830138, "ts_src_avg": 18.503756290798094, "ts_rly_avg": 50.3657723065381, "ts_dst_avg": 111.76046931509177}