{"ccmode": "NoR", "para_num": 120, "xtx_ratio": 0.2, "interalltxs": 0, "interdur": 0, "tps": 99.48084046726422, "latency_avg": 106.69563112917542, "workload_file": "./locals_unix/output/workloads/NoR-120-1000-20.json", "real time cost": 241.25248527526855, "deal time cost": 252.75816188499448, "ts_src_avg": 15.647223040431738, "ts_rly_avg": 33.62743271090587, "ts_dst_avg": 56.42094206821918}