{"ccmode": "NoR", "para_num": 30, "xtx_ratio": 1.0, "interalltxs": 0, "interdur": 0, "tps": 386.23198309815166, "latency_avg": 41.97867399720351, "workload_file": "./locals_unix/output/workloads/NoR-30-1000-100.json", "real time cost": 77.67352604866028, "deal time cost": 89.7246628709836, "ts_src_avg": 9.688586561393738, "ts_rly_avg": 13.39950936161677, "ts_dst_avg": 17.802981552124024}