{"ccmode": "NoR", "para_num": 100, "xtx_ratio": 1.0, "interalltxs": 0, "interdur": 0, "tps": 465.8181133076786, "latency_avg": 97.64009185775518, "workload_file": "./locals_unix/output/workloads/NoR-100-1000-100.json", "real time cost": 214.67606592178345, "deal time cost": 232.766944696079, "ts_src_avg": 14.974877106723785, "ts_rly_avg": 30.314588926405907, "ts_dst_avg": 51.28776074537993}