{"ccmode": "NoR", "para_num": 50, "xtx_ratio": 0.4, "interalltxs": 0, "interdur": 0, "tps": 252.2937351205832, "latency_avg": 42.55072577497959, "workload_file": "./locals_unix/output/workloads/NoR-50-1000-40.json", "real time cost": 79.27267789840698, "deal time cost": 90.3179532590002, "ts_src_avg": 10.145789023637771, "ts_rly_avg": 14.443030959880351, "ts_dst_avg": 17.052581532895566}