{"ccmode": "NoR", "para_num": 40, "xtx_ratio": 0.4, "interalltxs": 0, "interdur": 0, "tps": 238.0208212761061, "latency_avg": 37.166800402119755, "workload_file": "./locals_unix/output/workloads/NoR-40-1000-40.json", "real time cost": 67.2210099697113, "deal time cost": 74.8840235700045, "ts_src_avg": 9.285773894563317, "ts_rly_avg": 12.499904138579964, "ts_dst_avg": 14.22672256411612}