{"ccmode": "NoR", "para_num": 100, "xtx_ratio": 0.8, "interalltxs": 0, "interdur": 0, "tps": 390.6680443966709, "latency_avg": 94.4153396059692, "workload_file": "./locals_unix/output/workloads/NoR-100-1000-80.json", "real time cost": 204.77743482589722, "deal time cost": 220.28935656000976, "ts_src_avg": 14.77185860826373, "ts_rly_avg": 29.734262654426693, "ts_dst_avg": 48.77578476901054}