{"ccmode": "NoR", "para_num": 130, "xtx_ratio": 0.6, "interalltxs": 0, "interdur": 0, "tps": 265.2933943938243, "latency_avg": 128.6661766355007, "workload_file": "./locals_unix/output/workloads/NoR-130-1000-60.json", "real time cost": 294.0141053199768, "deal time cost": 306.3100927959895, "ts_src_avg": 17.139183227374005, "ts_rly_avg": 38.54534801872571, "ts_dst_avg": 71.88029064399768}