{"ccmode": "NoR", "para_num": 20, "xtx_ratio": 0.6, "interalltxs": 0, "interdur": 0, "tps": 216.42237094730453, "latency_avg": 32.317807223101454, "workload_file": "./locals_unix/output/workloads/NoR-20-1000-60.json", "real time cost": 55.44713306427002, "deal time cost": 64.10646282599191, "ts_src_avg": 9.10958415734768, "ts_rly_avg": 10.357226939459641, "ts_dst_avg": 11.674057097375393}