{"ccmode": "NoR", "para_num": 120, "xtx_ratio": 0.8, "interalltxs": 0, "interdur": 0, "tps": 372.8243568732783, "latency_avg": 116.35215583562355, "workload_file": "./locals_unix/output/workloads/NoR-120-1000-80.json", "real time cost": 257.49390625953674, "deal time cost": 272.6670227040013, "ts_src_avg": 15.841323196582497, "ts_rly_avg": 35.141619602382185, "ts_dst_avg": 64.22899722391864}