{"ccmode": "NoR", "para_num": 160, "xtx_ratio": 0.4, "interalltxs": 0, "interdur": 0, "tps": 154.43433144025877, "latency_avg": 172.50892201314866, "workload_file": "./locals_unix/output/workloads/NoR-160-1000-40.json", "real time cost": 414.41562509536743, "deal time cost": 426.8947904640081, "ts_src_avg": 18.94895245577395, "ts_rly_avg": 48.9641581562832, "ts_dst_avg": 103.50259026453271}