{"ccmode": "NoR", "para_num": 50, "xtx_ratio": 0.2, "interalltxs": 0, "interdur": 0, "tps": 142.95661948827782, "latency_avg": 39.812132628178595, "workload_file": "./locals_unix/output/workloads/NoR-50-1000-20.json", "real time cost": 69.95129036903381, "deal time cost": 80.62427767999179, "ts_src_avg": 10.090588309550286, "ts_rly_avg": 13.766383839368821, "ts_dst_avg": 15.080444202923776}