{"ccmode": "NoR", "para_num": 110, "xtx_ratio": 1.0, "interalltxs": 0, "interdur": 0, "tps": 470.8904467158216, "latency_avg": 108.64513648685109, "workload_file": "./locals_unix/output/workloads/NoR-110-1000-100.json", "real time cost": 233.59998226165771, "deal time cost": 249.0664204300847, "ts_src_avg": 15.710387277828563, "ts_rly_avg": 32.9928011998415, "ts_dst_avg": 58.81237149732113}