{"ccmode": "NoR", "para_num": 180, "xtx_ratio": 0.8, "interalltxs": 0, "interdur": 0, "tps": 302.1476330852073, "latency_avg": 184.4643425295651, "workload_file": "./locals_unix/output/workloads/NoR-180-1000-80.json", "real time cost": 476.5882112979889, "deal time cost": 494.8202324869926, "ts_src_avg": 17.51214379904171, "ts_rly_avg": 50.364389036478265, "ts_dst_avg": 114.35426662528018}