{"ccmode": "NoR", "para_num": 30, "xtx_ratio": 0.2, "interalltxs": 0, "interdur": 0, "tps": 116.79886753224085, "latency_avg": 31.38096332446734, "workload_file": "./locals_unix/output/workloads/NoR-30-1000-20.json", "real time cost": 51.37036108970642, "deal time cost": 59.022252513997955, "ts_src_avg": 9.640864973346392, "ts_rly_avg": 10.894013992826144, "ts_dst_avg": 10.015790328145027}