{"ccmode": "NoR", "para_num": 20, "xtx_ratio": 1.0, "interalltxs": 0, "interdur": 0, "tps": 298.0721509308071, "latency_avg": 36.878430750834944, "workload_file": "./locals_unix/output/workloads/NoR-20-1000-100.json", "real time cost": 67.09784841537476, "deal time cost": 74.52570595196448, "ts_src_avg": 8.939878591060639, "ts_rly_avg": 11.595393338882923, "ts_dst_avg": 15.182046082007885}