{"ccmode": "NoR", "para_num": 170, "xtx_ratio": 1.0, "interalltxs": 0, "interdur": 0, "tps": 353.0095692760792, "latency_avg": 192.32038770761068, "workload_file": "./locals_unix/output/workloads/NoR-170-1000-100.json", "real time cost": 481.57334756851196, "deal time cost": 506.9421771169873, "ts_src_avg": 19.84328920498876, "ts_rly_avg": 53.50104562934006, "ts_dst_avg": 116.73381397168215}