{"ccmode": "NoR", "para_num": 80, "xtx_ratio": 0.8, "interalltxs": 0, "interdur": 0, "tps": 433.83874463237083, "latency_avg": 72.27625668232143, "workload_file": "./locals_unix/output/workloads/NoR-80-1000-80.json", "real time cost": 147.5202498435974, "deal time cost": 159.06206682298216, "ts_src_avg": 12.91815672101453, "ts_rly_avg": 23.3344862296246, "ts_dst_avg": 35.04466057266667}