{"ccmode": "NoR", "para_num": 20, "xtx_ratio": 0.8, "interalltxs": 0, "interdur": 0, "tps": 260.15987849168886, "latency_avg": 34.66638561166823, "workload_file": "./locals_unix/output/workloads/NoR-20-1000-80.json", "real time cost": 61.500643730163574, "deal time cost": 69.09383537899703, "ts_src_avg": 9.046127283409238, "ts_rly_avg": 11.047640508979558, "ts_dst_avg": 13.38602324385941}