{"ccmode": "NoR", "para_num": 80, "xtx_ratio": 1.0, "interalltxs": 0, "interdur": 0, "tps": 512.7969252007775, "latency_avg": 77.73199641775192, "workload_file": "./locals_unix/output/workloads/NoR-80-1000-100.json", "real time cost": 156.00717568397522, "deal time cost": 170.41635834099725, "ts_src_avg": 13.488526809743046, "ts_rly_avg": 24.762411990743875, "ts_dst_avg": 38.41659168608785}