{"ccmode": "NoR", "para_num": 70, "xtx_ratio": 1.0, "interalltxs": 0, "interdur": 0, "tps": 499.44844614142994, "latency_avg": 69.91511786913532, "workload_file": "./locals_unix/output/workloads/NoR-70-1000-100.json", "real time cost": 140.15460562705994, "deal time cost": 153.57049826090224, "ts_src_avg": 13.1499672518628, "ts_rly_avg": 22.433223180481367, "ts_dst_avg": 33.220921235186715}