{"ccmode": "NoR", "para_num": 150, "xtx_ratio": 0.4, "interalltxs": 0, "interdur": 0, "tps": 159.92576982613414, "latency_avg": 156.71097588683764, "workload_file": "./locals_unix/output/workloads/NoR-150-1000-40.json", "real time cost": 375.1740577220917, "deal time cost": 386.5195352430019, "ts_src_avg": 18.68463813480536, "ts_rly_avg": 45.40676609288057, "ts_dst_avg": 91.5362752917091}