{"ccmode": "NoR", "para_num": 180, "xtx_ratio": 0.6, "interalltxs": 0, "interdur": 0, "tps": 205.66642598197498, "latency_avg": 208.41595625640508, "workload_file": "./locals_unix/output/workloads/NoR-180-1000-60.json", "real time cost": 525.1221704483032, "deal time cost": 542.9331027310109, "ts_src_avg": 20.612452318712517, "ts_rly_avg": 56.80924607992393, "ts_dst_avg": 129.1405869362619}