{"ccmode": "NoR", "para_num": 190, "xtx_ratio": 0.6, "interalltxs": 0, "interdur": 0, "tps": 208.58812435193676, "latency_avg": 207.29213862936749, "workload_file": "./locals_unix/output/workloads/NoR-190-1000-60.json", "real time cost": 546.5315935611725, "deal time cost": 562.4432264369971, "ts_src_avg": 18.92462926010918, "ts_rly_avg": 55.63524772523788, "ts_dst_avg": 130.72123383493383}