{"ccmode": "NoR", "para_num": 90, "xtx_ratio": 0.6, "interalltxs": 0, "interdur": 0, "tps": 326.6763601398878, "latency_avg": 80.09412729125553, "workload_file": "./locals_unix/output/workloads/NoR-90-1000-60.json", "real time cost": 165.30121731758118, "deal time cost": 179.00421323100454, "ts_src_avg": 13.86381540121414, "ts_rly_avg": 25.92964134230437, "ts_dst_avg": 39.228281763452074}