{"ccmode": "NoR", "para_num": 150, "xtx_ratio": 0.8, "interalltxs": 0, "interdur": 0, "tps": 310.7238663801849, "latency_avg": 162.93147562042077, "workload_file": "./locals_unix/output/workloads/NoR-150-1000-80.json", "real time cost": 386.194988489151, "deal time cost": 406.3690607789904, "ts_src_avg": 18.59394103823503, "ts_rly_avg": 46.55645904134909, "ts_dst_avg": 96.6245999668459}