{"ccmode": "NoR", "para_num": 100, "xtx_ratio": 0.4, "interalltxs": 0, "interdur": 0, "tps": 210.66279310613888, "latency_avg": 89.22260260235072, "workload_file": "./locals_unix/output/workloads/NoR-100-1000-40.json", "real time cost": 189.87690901756287, "deal time cost": 202.53587398199306, "ts_src_avg": 14.8286711119771, "ts_rly_avg": 28.94615245975852, "ts_dst_avg": 44.338731026870015}