{"ccmode": "NoR", "para_num": 120, "xtx_ratio": 0.4, "interalltxs": 0, "interdur": 0, "tps": 189.1208345197423, "latency_avg": 111.29990719948212, "workload_file": "./locals_unix/output/workloads/NoR-120-1000-40.json", "real time cost": 253.80598664283752, "deal time cost": 264.4698736930004, "ts_src_avg": 16.08963453229765, "ts_rly_avg": 34.66605642523865, "ts_dst_avg": 59.55174331922333}