{"ccmode": "NoR", "para_num": 200, "xtx_ratio": 0.4, "interalltxs": 0, "interdur": 0, "tps": 128.12703376231946, "latency_avg": 229.92457486293912, "workload_file": "./locals_unix/output/workloads/NoR-200-1000-40.json", "real time cost": 624.3803329467773, "deal time cost": 643.3940825879981, "ts_src_avg": 19.961292405611278, "ts_rly_avg": 60.39702377771139, "ts_dst_avg": 147.76913300878405}