{"ccmode": "NoR", "para_num": 160, "xtx_ratio": 0.8, "interalltxs": 0, "interdur": 0, "tps": 303.48971419413056, "latency_avg": 173.7983277762495, "workload_file": "./locals_unix/output/workloads/NoR-160-1000-80.json", "real time cost": 421.760586977005, "deal time cost": 443.0567812510126, "ts_src_avg": 18.642998020803557, "ts_rly_avg": 48.90827096877806, "ts_dst_avg": 104.56216203681007}