{"ccmode": "NoR", "para_num": 110, "xtx_ratio": 0.8, "interalltxs": 0, "interdur": 0, "tps": 385.71684139371223, "latency_avg": 105.76621064477888, "workload_file": "./locals_unix/output/workloads/NoR-110-1000-80.json", "real time cost": 228.14663648605347, "deal time cost": 241.54139538001618, "ts_src_avg": 15.730817173071882, "ts_rly_avg": 32.54810397721692, "ts_dst_avg": 56.37702061614936}