{"ccmode": "NoR", "para_num": 40, "xtx_ratio": 1.0, "interalltxs": 0, "interdur": 0, "tps": 458.69348182070246, "latency_avg": 45.55195121220946, "workload_file": "./locals_unix/output/workloads/NoR-40-1000-100.json", "real time cost": 87.20420408248901, "deal time cost": 96.3553764190292, "ts_src_avg": 9.29449515516758, "ts_rly_avg": 14.66050424938798, "ts_dst_avg": 20.500875960600375}