{"ccmode": "NoR", "para_num": 200, "xtx_ratio": 0.2, "interalltxs": 0, "interdur": 0, "tps": 64.07847794915212, "latency_avg": 222.50398106006384, "workload_file": "./locals_unix/output/workloads/NoR-200-1000-20.json", "real time cost": 624.2345523834229, "deal time cost": 638.7206047280051, "ts_src_avg": 18.71270302657485, "ts_rly_avg": 57.58787637771964, "ts_dst_avg": 145.19195251415968}