{"ccmode": "NoR", "para_num": 140, "xtx_ratio": 1.0, "interalltxs": 0, "interdur": 0, "tps": 412.5977984353855, "latency_avg": 147.7406362017274, "workload_file": "./locals_unix/output/workloads/NoR-140-1000-100.json", "real time cost": 339.3134925365448, "deal time cost": 358.45167595206294, "ts_src_avg": 17.30838811898913, "ts_rly_avg": 42.78645240649836, "ts_dst_avg": 86.26108103049653}