{"ccmode": "NoR", "para_num": 160, "xtx_ratio": 1.0, "interalltxs": 0, "interdur": 0, "tps": 375.8950464758011, "latency_avg": 175.13566010615378, "workload_file": "./locals_unix/output/workloads/NoR-160-1000-100.json", "real time cost": 425.65072751045227, "deal time cost": 445.99015487299766, "ts_src_avg": 18.6931462126866, "ts_rly_avg": 49.3112135389328, "ts_dst_avg": 105.30626255773306}