{"ccmode": "NoR", "para_num": 150, "xtx_ratio": 0.6, "interalltxs": 0, "interdur": 0, "tps": 236.38570577607175, "latency_avg": 158.91244155405627, "workload_file": "./locals_unix/output/workloads/NoR-150-1000-60.json", "real time cost": 380.7336814403534, "deal time cost": 398.6050438119855, "ts_src_avg": 18.36878418504662, "ts_rly_avg": 45.58463443611463, "ts_dst_avg": 93.59157805869845}