{"ccmode": "NoR", "para_num": 60, "xtx_ratio": 0.8, "interalltxs": 0, "interdur": 0, "tps": 402.3215640137167, "latency_avg": 61.75850931339959, "workload_file": "./locals_unix/output/workloads/NoR-60-1000-80.json", "real time cost": 119.30754971504211, "deal time cost": 130.43938618098036, "ts_src_avg": 13.386429950440924, "ts_rly_avg": 20.252699572741985, "ts_dst_avg": 27.02379825681448}