{"ccmode": "NoR", "para_num": 50, "xtx_ratio": 0.6, "interalltxs": 0, "interdur": 0, "tps": 341.70731207572027, "latency_avg": 46.25415471127828, "workload_file": "./locals_unix/output/workloads/NoR-50-1000-60.json", "real time cost": 87.79443383216858, "deal time cost": 99.3504585819901, "ts_src_avg": 10.480993529764811, "ts_rly_avg": 15.512889714392026, "ts_dst_avg": 19.36930838238398}