{"ccmode": "NoR", "para_num": 190, "xtx_ratio": 1.0, "interalltxs": 0, "interdur": 0, "tps": 350.4583334999135, "latency_avg": 201.8827424365897, "workload_file": "./locals_unix/output/workloads/NoR-190-1000-100.json", "real time cost": 542.1471879482269, "deal time cost": 566.0990650859894, "ts_src_avg": 18.53388498511691, "ts_rly_avg": 55.17052819331696, "ts_dst_avg": 124.5373858043495}