{"ccmode": "ToR", "para_num": 190, "xtx_ratio": 0.6, "interalltxs": 6659, "interdur": 86.70679783821106, "tps": 2073.6889912449983, "latency_avg": 31.97034717873523, "workload_file": "./locals_unix/output/workloads/ToR-190-1000-60.json", "real time cost": 54.97449254989624, "deal time cost": 74.66756374599936, "ts_src_avg": 7.315912982164768, "ts_rly_avg": 12.730145669619242, "ts_dst_avg": 6.278940387286638}