{"ccmode": "ToR", "para_num": 140, "xtx_ratio": 0.4, "interalltxs": 3830, "interdur": 71.43301129341125, "tps": 1248.1497978984444, "latency_avg": 27.28401328207765, "workload_file": "./locals_unix/output/workloads/ToR-140-1000-40.json", "real time cost": 44.86640954017639, "deal time cost": 58.708165371004725, "ts_src_avg": 7.527681511142424, "ts_rly_avg": 13.024519429411207, "ts_dst_avg": 5.299063343708005}