{"ccmode": "ToR", "para_num": 180, "xtx_ratio": 0.6, "interalltxs": 6244, "interdur": 85.30102777481079, "tps": 1883.4148382409928, "latency_avg": 32.28575754106928, "workload_file": "./locals_unix/output/workloads/ToR-180-1000-60.json", "real time cost": 57.34265112876892, "deal time cost": 73.9023807199992, "ts_src_avg": 7.369033875688358, "ts_rly_avg": 15.131521638987241, "ts_dst_avg": 5.689723429229525}