{"ccmode": "ToR", "para_num": 190, "xtx_ratio": 0.4, "interalltxs": 5695, "interdur": 73.86548352241516, "tps": 1615.717063085168, "latency_avg": 28.30008548437608, "workload_file": "./locals_unix/output/workloads/ToR-190-1000-40.json", "real time cost": 47.037938594818115, "deal time cost": 61.500952992006205, "ts_src_avg": 7.270158534959743, "ts_rly_avg": 13.172780897971831, "ts_dst_avg": 4.739590694392982}