{"ccmode": "ToR", "para_num": 40, "xtx_ratio": 0.2, "interalltxs": 912, "interdur": 54.98698139190674, "tps": 219.75687647148482, "latency_avg": 23.14083000075817, "workload_file": "./locals_unix/output/workloads/ToR-40-1000-20.json", "real time cost": 36.40386652946472, "deal time cost": 45.47727729300095, "ts_src_avg": 7.523087499588728, "ts_rly_avg": 10.10988474202156, "ts_dst_avg": 4.205951623260975}