{"ccmode": "ToR", "para_num": 30, "xtx_ratio": 0.2, "interalltxs": 665, "interdur": 52.42912292480469, "tps": 165.31138541224485, "latency_avg": 23.822109894792238, "workload_file": "./locals_unix/output/workloads/ToR-30-1000-20.json", "real time cost": 36.295140743255615, "deal time cost": 44.24418054500711, "ts_src_avg": 8.02126859621207, "ts_rly_avg": 10.868168215314547, "ts_dst_avg": 3.9153196405967075}