{"ccmode": "ToR", "para_num": 180, "xtx_ratio": 0.8, "interalltxs": 7344, "interdur": 98.93866443634033, "tps": 2212.562534550925, "latency_avg": 36.238942492857575, "workload_file": "./locals_unix/output/workloads/ToR-180-1000-80.json", "real time cost": 65.0829062461853, "deal time cost": 87.50692662713118, "ts_src_avg": 7.305120181221101, "ts_rly_avg": 17.01627404681179, "ts_dst_avg": 6.460540332039197}