{"ccmode": "ToR", "para_num": 70, "xtx_ratio": 0.4, "interalltxs": 1950, "interdur": 66.60076880455017, "tps": 630.6268873785997, "latency_avg": 28.591198958184037, "workload_file": "./locals_unix/output/workloads/ToR-70-1000-40.json", "real time cost": 44.40026354789734, "deal time cost": 56.58055140999204, "ts_src_avg": 7.846434189609119, "ts_rly_avg": 13.79922198267494, "ts_dst_avg": 5.662957483266081}