{"ccmode": "ToR", "para_num": 100, "xtx_ratio": 0.8, "interalltxs": 3602, "interdur": 86.05084490776062, "tps": 1297.760954519707, "latency_avg": 36.34666242218912, "workload_file": "./locals_unix/output/workloads/ToR-100-1000-80.json", "real time cost": 61.64463472366333, "deal time cost": 74.7908024629578, "ts_src_avg": 7.838026182046533, "ts_rly_avg": 19.1507169013232, "ts_dst_avg": 7.979592965397239}