{"ccmode": "ToR", "para_num": 120, "xtx_ratio": 0.4, "interalltxs": 3424, "interdur": 70.1876151561737, "tps": 1058.8262376145067, "latency_avg": 27.1947924669832, "workload_file": "./locals_unix/output/workloads/ToR-120-1000-40.json", "real time cost": 45.33321738243103, "deal time cost": 57.87934706899978, "ts_src_avg": 7.777156397382418, "ts_rly_avg": 12.646664017086227, "ts_dst_avg": 5.355446788609028}