{"ccmode": "ToR", "para_num": 60, "xtx_ratio": 1.0, "interalltxs": 2185, "interdur": 85.11208057403564, "tps": 977.7944953856818, "latency_avg": 35.744983569041885, "workload_file": "./locals_unix/output/workloads/ToR-60-1000-100.json", "real time cost": 61.362587213516235, "deal time cost": 74.64925758191384, "ts_src_avg": 7.835526620439689, "ts_rly_avg": 17.23323372609218, "ts_dst_avg": 9.381160159552097}