{"ccmode": "ToR", "para_num": 180, "xtx_ratio": 0.4, "interalltxs": 5222, "interdur": 72.64207911491394, "tps": 1529.1355341294327, "latency_avg": 27.688790393908818, "workload_file": "./locals_unix/output/workloads/ToR-180-1000-40.json", "real time cost": 47.08542728424072, "deal time cost": 60.90576312299527, "ts_src_avg": 7.307414044625229, "ts_rly_avg": 12.739950858652591, "ts_dst_avg": 4.68800598344538}