{"ccmode": "ToR", "para_num": 90, "xtx_ratio": 1.0, "interalltxs": 3467, "interdur": 91.3461492061615, "tps": 1351.1787052231364, "latency_avg": 37.52372862361802, "workload_file": "./locals_unix/output/workloads/ToR-90-1000-100.json", "real time cost": 66.60850977897644, "deal time cost": 80.97222938900813, "ts_src_avg": 7.878233643364906, "ts_rly_avg": 19.02067662419478, "ts_dst_avg": 9.232574688916737}