{"ccmode": "ToR", "para_num": 170, "xtx_ratio": 1.0, "interalltxs": 7600, "interdur": 107.79186153411865, "tps": 2419.700487577849, "latency_avg": 39.05263639803915, "workload_file": "./locals_unix/output/workloads/ToR-170-1000-100.json", "real time cost": 70.25662922859192, "deal time cost": 95.3875440970296, "ts_src_avg": 7.259046155671513, "ts_rly_avg": 17.640461594511482, "ts_dst_avg": 7.071093498928406}