{"ccmode": "ToR", "para_num": 50, "xtx_ratio": 0.2, "interalltxs": 1076, "interdur": 54.36460828781128, "tps": 285.3216999268768, "latency_avg": 23.115128393793107, "workload_file": "./locals_unix/output/workloads/ToR-50-1000-20.json", "real time cost": 35.048157930374146, "deal time cost": 44.93450692600163, "ts_src_avg": 7.60957500910759, "ts_rly_avg": 10.301939255595208, "ts_dst_avg": 4.1191854941368105}