{"ccmode": "ToR", "para_num": 110, "xtx_ratio": 1.0, "interalltxs": 4633, "interdur": 98.57167267799377, "tps": 1598.813796225883, "latency_avg": 38.72458368193453, "workload_file": "./locals_unix/output/workloads/ToR-110-1000-100.json", "real time cost": 68.80100750923157, "deal time cost": 87.83617165288888, "ts_src_avg": 7.502535230370001, "ts_rly_avg": 20.330768908801947, "ts_dst_avg": 9.194884445669434}