{"ccmode": "ToR", "para_num": 160, "xtx_ratio": 0.8, "interalltxs": 6293, "interdur": 96.72556757926941, "tps": 1970.6474565957624, "latency_avg": 36.269400730669496, "workload_file": "./locals_unix/output/workloads/ToR-160-1000-80.json", "real time cost": 64.95327186584473, "deal time cost": 85.43015057803132, "ts_src_avg": 7.601575771117583, "ts_rly_avg": 18.52226637913473, "ts_dst_avg": 6.799290445400402}