{"ccmode": "ToR", "para_num": 40, "xtx_ratio": 0.8, "interalltxs": 1218, "interdur": 71.66338396072388, "tps": 619.3835081416207, "latency_avg": 31.925185035556556, "workload_file": "./locals_unix/output/workloads/ToR-40-1000-80.json", "real time cost": 51.66427516937256, "deal time cost": 62.089968408923596, "ts_src_avg": 7.300570845007896, "ts_rly_avg": 15.678785700351, "ts_dst_avg": 7.88099790700525}