{"ccmode": "ToR", "para_num": 110, "xtx_ratio": 0.4, "interalltxs": 3082, "interdur": 68.93048143386841, "tps": 944.7274327746604, "latency_avg": 27.95493960005587, "workload_file": "./locals_unix/output/workloads/ToR-110-1000-40.json", "real time cost": 46.57428002357483, "deal time cost": 57.69903159899695, "ts_src_avg": 7.497098835181106, "ts_rly_avg": 13.43036934701963, "ts_dst_avg": 5.639305332649838}