{"ccmode": "ToR", "para_num": 80, "xtx_ratio": 1.0, "interalltxs": 3004, "interdur": 89.08314180374146, "tps": 1200.0342588668243, "latency_avg": 37.47831682620943, "workload_file": "./locals_unix/output/workloads/ToR-80-1000-100.json", "real time cost": 66.66476345062256, "deal time cost": 79.27014724200126, "ts_src_avg": 7.665951748245955, "ts_rly_avg": 19.24956282453239, "ts_dst_avg": 8.942493126767873}