{"ccmode": "ToR", "para_num": 30, "xtx_ratio": 1.0, "interalltxs": 977, "interdur": 75.16766691207886, "tps": 554.352318646003, "latency_avg": 32.70527218279839, "workload_file": "./locals_unix/output/workloads/ToR-30-1000-100.json", "real time cost": 54.11720848083496, "deal time cost": 65.20066917606164, "ts_src_avg": 7.94874797864755, "ts_rly_avg": 14.971018897414208, "ts_dst_avg": 8.700133552026749}