{"ccmode": "ToR", "para_num": 10, "xtx_ratio": 0.2, "interalltxs": 222, "interdur": 51.45891880989075, "tps": 60.88644293648111, "latency_avg": 22.142899157881736, "workload_file": "./locals_unix/output/workloads/ToR-10-1000-20.json", "real time cost": 32.84803485870361, "deal time cost": 43.51233790599508, "ts_src_avg": 7.4371063548326495, "ts_rly_avg": 9.570090159773827, "ts_dst_avg": 4.08246508538723}