{"ccmode": "ToR", "para_num": 60, "xtx_ratio": 0.6, "interalltxs": 1860, "interdur": 72.14034748077393, "tps": 727.0969328989129, "latency_avg": 30.022006369921897, "workload_file": "./locals_unix/output/workloads/ToR-60-1000-60.json", "real time cost": 49.51196789741516, "deal time cost": 62.38171031199454, "ts_src_avg": 7.943616994089551, "ts_rly_avg": 13.92464964300394, "ts_dst_avg": 6.739858704838488}