{"ccmode": "ToR", "para_num": 110, "xtx_ratio": 0.6, "interalltxs": 3632, "interdur": 80.14211630821228, "tps": 1215.0460380558227, "latency_avg": 31.301029729008675, "workload_file": "./locals_unix/output/workloads/ToR-110-1000-60.json", "real time cost": 54.31892943382263, "deal time cost": 68.6722761800047, "ts_src_avg": 7.596894224387227, "ts_rly_avg": 15.687717105674022, "ts_dst_avg": 6.658507186842687}