{"ccmode": "ToR", "para_num": 130, "xtx_ratio": 0.4, "interalltxs": 3722, "interdur": 69.15644884109497, "tps": 1152.4419713327113, "latency_avg": 27.726655313166287, "workload_file": "./locals_unix/output/workloads/ToR-130-1000-40.json", "real time cost": 45.121577739715576, "deal time cost": 58.18271140300203, "ts_src_avg": 7.865799043916739, "ts_rly_avg": 13.666197241673103, "ts_dst_avg": 4.815729212384958}