{"ccmode": "ToR", "para_num": 10, "xtx_ratio": 1.0, "interalltxs": 272, "interdur": 63.61387896537781, "tps": 216.1256577480776, "latency_avg": 29.164686652493476, "workload_file": "./locals_unix/output/workloads/ToR-10-1000-100.json", "real time cost": 46.26937913894653, "deal time cost": 53.847351738018915, "ts_src_avg": 7.402101649403572, "ts_rly_avg": 12.721370066857338, "ts_dst_avg": 7.998159037256241}