{"ccmode": "ToR", "para_num": 150, "xtx_ratio": 1.0, "interalltxs": 6408, "interdur": 104.9436354637146, "tps": 2083.7362530985256, "latency_avg": 39.12966416304588, "workload_file": "./locals_unix/output/workloads/ToR-150-1000-100.json", "real time cost": 71.98607778549194, "deal time cost": 92.3792808339931, "ts_src_avg": 7.5998289355977375, "ts_rly_avg": 20.252033130753833, "ts_dst_avg": 8.412211794511476}