{"ccmode": "ToR", "para_num": 80, "xtx_ratio": 0.2, "interalltxs": 1882, "interdur": 58.45869517326355, "tps": 454.00360906167845, "latency_avg": 23.534507115110756, "workload_file": "./locals_unix/output/workloads/ToR-80-1000-20.json", "real time cost": 35.24201059341431, "deal time cost": 46.992851503993734, "ts_src_avg": 7.626627881854772, "ts_rly_avg": 10.535453358188272, "ts_dst_avg": 3.9550147734880445}