{"ccmode": "ToR", "para_num": 140, "xtx_ratio": 1.0, "interalltxs": 6023, "interdur": 103.13892984390259, "tps": 2006.6869201049938, "latency_avg": 38.66955597019196, "workload_file": "./locals_unix/output/workloads/ToR-140-1000-100.json", "real time cost": 69.76673769950867, "deal time cost": 91.07342793093994, "ts_src_avg": 7.563048513264316, "ts_rly_avg": 19.85514091403314, "ts_dst_avg": 8.385530021090167}