{"ccmode": "ToR", "para_num": 110, "xtx_ratio": 0.8, "interalltxs": 3982, "interdur": 87.14678597450256, "tps": 1424.8195440258626, "latency_avg": 35.45740206164935, "workload_file": "./locals_unix/output/workloads/ToR-110-1000-80.json", "real time cost": 61.76220726966858, "deal time cost": 75.46361233410425, "ts_src_avg": 7.506399336069823, "ts_rly_avg": 18.327408455111765, "ts_dst_avg": 8.055071193088185}