{"ccmode": "ToR", "para_num": 70, "xtx_ratio": 1.0, "interalltxs": 2673, "interdur": 88.22248673439026, "tps": 1070.437042554452, "latency_avg": 38.01814176060472, "workload_file": "./locals_unix/output/workloads/ToR-70-1000-100.json", "real time cost": 65.39385056495667, "deal time cost": 78.91284075297881, "ts_src_avg": 7.809965469544275, "ts_rly_avg": 19.582585506095207, "ts_dst_avg": 9.291746862343379}