{"ccmode": "ToR", "para_num": 90, "xtx_ratio": 0.6, "interalltxs": 2928, "interdur": 78.14300918579102, "tps": 994.0085129125064, "latency_avg": 31.520019062474923, "workload_file": "./locals_unix/output/workloads/ToR-90-1000-60.json", "real time cost": 54.32549047470093, "deal time cost": 66.52898231700237, "ts_src_avg": 7.950703950184363, "ts_rly_avg": 15.002701625320647, "ts_dst_avg": 7.047019483402924}