{"ccmode": "ToR", "para_num": 90, "xtx_ratio": 0.2, "interalltxs": 2081, "interdur": 57.992504596710205, "tps": 489.76622558530113, "latency_avg": 24.242048563665815, "workload_file": "./locals_unix/output/workloads/ToR-90-1000-20.json", "real time cost": 36.752228021621704, "deal time cost": 46.11622079300287, "ts_src_avg": 7.944686255746418, "ts_rly_avg": 10.878270550409953, "ts_dst_avg": 4.445560053772397}