{"ccmode": "ToR", "para_num": 140, "xtx_ratio": 0.8, "interalltxs": 5171, "interdur": 91.1216287612915, "tps": 1784.1240977472426, "latency_avg": 35.238218494208795, "workload_file": "./locals_unix/output/workloads/ToR-140-1000-80.json", "real time cost": 62.77590227127075, "deal time cost": 78.56121603795327, "ts_src_avg": 7.5018692646792955, "ts_rly_avg": 18.62004261633115, "ts_dst_avg": 6.9966631068906615}