{"ccmode": "ToR", "para_num": 50, "xtx_ratio": 0.8, "interalltxs": 1602, "interdur": 77.57775735855103, "tps": 737.1243040862004, "latency_avg": 31.9720448158443, "workload_file": "./locals_unix/output/workloads/ToR-50-1000-80.json", "real time cost": 54.26493167877197, "deal time cost": 67.62385654193349, "ts_src_avg": 7.459504557693005, "ts_rly_avg": 15.415400324052571, "ts_dst_avg": 8.363810177767277}