{"ccmode": "ToR", "para_num": 150, "xtx_ratio": 0.6, "interalltxs": 4982, "interdur": 82.54626846313477, "tps": 1627.6911837434473, "latency_avg": 31.77680529027515, "workload_file": "./locals_unix/output/workloads/ToR-150-1000-60.json", "real time cost": 55.29304385185242, "deal time cost": 70.87864279199857, "ts_src_avg": 7.902945652071635, "ts_rly_avg": 15.487605857205391, "ts_dst_avg": 5.885598947177993}