{"ccmode": "ToR", "para_num": 130, "xtx_ratio": 1.0, "interalltxs": 5621, "interdur": 101.96432065963745, "tps": 1858.479988419239, "latency_avg": 38.864940941726246, "workload_file": "./locals_unix/output/workloads/ToR-130-1000-100.json", "real time cost": 69.94963669776917, "deal time cost": 90.12359596299939, "ts_src_avg": 7.913828115272522, "ts_rly_avg": 20.128448410444992, "ts_dst_avg": 8.450849398037104}