{"ccmode": "ToR", "para_num": 90, "xtx_ratio": 0.4, "interalltxs": 2454, "interdur": 68.0843915939331, "tps": 805.0720855825188, "latency_avg": 27.11397757466634, "workload_file": "./locals_unix/output/workloads/ToR-90-1000-40.json", "real time cost": 44.716492652893066, "deal time cost": 56.542449779997696, "ts_src_avg": 7.918673876411385, "ts_rly_avg": 11.43989709060722, "ts_dst_avg": 6.181445749084155}