{"ccmode": "ToR", "para_num": 60, "xtx_ratio": 0.4, "interalltxs": 1442, "interdur": 59.325807094573975, "tps": 567.3052406281422, "latency_avg": 26.723660360554852, "workload_file": "./locals_unix/output/workloads/ToR-60-1000-40.json", "real time cost": 42.305267572402954, "deal time cost": 51.137138977996074, "ts_src_avg": 7.886296069612106, "ts_rly_avg": 11.900107930948337, "ts_dst_avg": 5.4610407019257545}