{"ccmode": "ToR", "para_num": 50, "xtx_ratio": 1.0, "interalltxs": 1702, "interdur": 80.75965857505798, "tps": 825.0999383470365, "latency_avg": 34.54873101428986, "workload_file": "./locals_unix/output/workloads/ToR-50-1000-100.json", "real time cost": 60.59871983528137, "deal time cost": 72.88619228999596, "ts_src_avg": 7.468107444205284, "ts_rly_avg": 16.598679535627365, "ts_dst_avg": 9.518819557700157}