{"ccmode": "ToR", "para_num": 100, "xtx_ratio": 0.4, "interalltxs": 2902, "interdur": 70.20654916763306, "tps": 855.516914415352, "latency_avg": 28.916658999240397, "workload_file": "./locals_unix/output/workloads/ToR-100-1000-40.json", "real time cost": 46.75535845756531, "deal time cost": 58.55480466400331, "ts_src_avg": 7.778188884162903, "ts_rly_avg": 14.150184587562084, "ts_dst_avg": 5.569004809844494}