{"ccmode": "ToR", "para_num": 170, "xtx_ratio": 0.2, "interalltxs": 4226, "interdur": 63.89731788635254, "tps": 880.1155702097819, "latency_avg": 23.879946562051774, "workload_file": "./locals_unix/output/workloads/ToR-170-1000-20.json", "real time cost": 38.63129019737244, "deal time cost": 50.45348041100078, "ts_src_avg": 7.219225652666653, "ts_rly_avg": 11.72037557991112, "ts_dst_avg": 3.73476952557704}