{"ccmode": "ToR", "para_num": 170, "xtx_ratio": 0.4, "interalltxs": 4913, "interdur": 72.0919873714447, "tps": 1523.259290803908, "latency_avg": 27.673547251697848, "workload_file": "./locals_unix/output/workloads/ToR-170-1000-40.json", "real time cost": 44.64111948013306, "deal time cost": 60.38259444299911, "ts_src_avg": 7.234638535583721, "ts_rly_avg": 13.658535414239939, "ts_dst_avg": 4.6845268203756385}