{"ccmode": "ToR", "para_num": 70, "xtx_ratio": 0.6, "interalltxs": 2172, "interdur": 73.07657480239868, "tps": 813.6572889054557, "latency_avg": 32.16006133811815, "workload_file": "./locals_unix/output/workloads/ToR-70-1000-60.json", "real time cost": 51.61878418922424, "deal time cost": 62.568110570995486, "ts_src_avg": 7.900729956519036, "ts_rly_avg": 16.284798915516763, "ts_dst_avg": 6.896098563977651}