{"ccmode": "ToR", "para_num": 40, "xtx_ratio": 1.0, "interalltxs": 1390, "interdur": 79.99721837043762, "tps": 690.2319213988802, "latency_avg": 33.733102531301974, "workload_file": "./locals_unix/output/workloads/ToR-40-1000-100.json", "real time cost": 57.95153594017029, "deal time cost": 70.8932550830068, "ts_src_avg": 7.325182706427574, "ts_rly_avg": 15.78314694802165, "ts_dst_avg": 9.534424732649326}