{"ccmode": "ToR", "para_num": 120, "xtx_ratio": 1.0, "interalltxs": 5159, "interdur": 100.28414869308472, "tps": 1715.459764922359, "latency_avg": 38.568606909022726, "workload_file": "./locals_unix/output/workloads/ToR-120-1000-100.json", "real time cost": 69.95209240913391, "deal time cost": 89.19965632795356, "ts_src_avg": 7.776244981499513, "ts_rly_avg": 19.56122736362815, "ts_dst_avg": 9.201827615676324}