{"ccmode": "ToR", "para_num": 160, "xtx_ratio": 1.0, "interalltxs": 6820, "interdur": 104.90902662277222, "tps": 2217.5104934779256, "latency_avg": 39.578428040513394, "workload_file": "./locals_unix/output/workloads/ToR-160-1000-100.json", "real time cost": 72.15298438072205, "deal time cost": 93.52812197001185, "ts_src_avg": 7.554933670924604, "ts_rly_avg": 19.552522909858823, "ts_dst_avg": 7.5621836429804565}