{"ccmode": "ToR", "para_num": 40, "xtx_ratio": 0.6, "interalltxs": 1118, "interdur": 67.52192616462708, "tps": 507.4157599969175, "latency_avg": 29.219412072330712, "workload_file": "./locals_unix/output/workloads/ToR-40-1000-60.json", "real time cost": 47.29849147796631, "deal time cost": 57.47222049300035, "ts_src_avg": 7.27399594621857, "ts_rly_avg": 13.894359689553578, "ts_dst_avg": 6.985216872711977}