{"ccmode": "ToR", "para_num": 130, "xtx_ratio": 0.6, "interalltxs": 4105, "interdur": 78.37512278556824, "tps": 1474.867426542606, "latency_avg": 31.494940804967513, "workload_file": "./locals_unix/output/workloads/ToR-130-1000-60.json", "real time cost": 52.886109352111816, "deal time cost": 65.92787427900475, "ts_src_avg": 7.883535095123144, "ts_rly_avg": 15.953167969618088, "ts_dst_avg": 6.006658233645635}