{"ccmode": "ToR", "para_num": 170, "xtx_ratio": 0.8, "interalltxs": 6449, "interdur": 92.7889575958252, "tps": 2172.5424581496136, "latency_avg": 35.180981002304485, "workload_file": "./locals_unix/output/workloads/ToR-170-1000-80.json", "real time cost": 62.599467039108276, "deal time cost": 81.42251400602981, "ts_src_avg": 7.166737054509275, "ts_rly_avg": 16.01813606225743, "ts_dst_avg": 6.261278173280113}