{"ccmode": "ToR", "para_num": 30, "xtx_ratio": 0.8, "interalltxs": 902, "interdur": 68.92558097839355, "tps": 479.6083825138966, "latency_avg": 30.516677045166492, "workload_file": "./locals_unix/output/workloads/ToR-30-1000-80.json", "real time cost": 50.04082679748535, "deal time cost": 59.613225628156215, "ts_src_avg": 7.918089306473732, "ts_rly_avg": 13.89458013462027, "ts_dst_avg": 7.658827657242616}