{"ccmode": "ToR", "para_num": 20, "xtx_ratio": 1.0, "interalltxs": 602, "interdur": 68.27036023139954, "tps": 389.68194943655993, "latency_avg": 31.153883321130277, "workload_file": "./locals_unix/output/workloads/ToR-20-1000-100.json", "real time cost": 51.323906660079956, "deal time cost": 60.106190262013115, "ts_src_avg": 7.706103583025932, "ts_rly_avg": 13.551971452879906, "ts_dst_avg": 8.747572482728959}