{"ccmode": "ToR", "para_num": 60, "xtx_ratio": 0.2, "interalltxs": 1378, "interdur": 55.08490753173828, "tps": 345.1103864875956, "latency_avg": 22.981561074038346, "workload_file": "./locals_unix/output/workloads/ToR-60-1000-20.json", "real time cost": 34.771483182907104, "deal time cost": 45.18237567698816, "ts_src_avg": 7.864511020064354, "ts_rly_avg": 9.634231709778309, "ts_dst_avg": 4.050346344729265}