{"ccmode": "ToR", "para_num": 190, "xtx_ratio": 0.8, "interalltxs": 7981, "interdur": 100.75399351119995, "tps": 2340.909135721952, "latency_avg": 35.632784030693145, "workload_file": "./locals_unix/output/workloads/ToR-190-1000-80.json", "real time cost": 64.9320375919342, "deal time cost": 88.87419857108034, "ts_src_avg": 7.257815848087009, "ts_rly_avg": 14.581558729212535, "ts_dst_avg": 6.481360825686078}