{"ccmode": "ToR", "para_num": 190, "xtx_ratio": 0.2, "interalltxs": 4800, "interdur": 64.03271126747131, "tps": 964.287234158535, "latency_avg": 24.22612125134468, "workload_file": "./locals_unix/output/workloads/ToR-190-1000-20.json", "real time cost": 39.40734529495239, "deal time cost": 51.44967430300312, "ts_src_avg": 7.249697703719139, "ts_rly_avg": 11.689951193972638, "ts_dst_avg": 3.8008381465610706}