{"ccmode": "ToR", "para_num": 120, "xtx_ratio": 0.2, "interalltxs": 2822, "interdur": 58.40217971801758, "tps": 647.8125077044272, "latency_avg": 23.269902037978174, "workload_file": "./locals_unix/output/workloads/ToR-120-1000-20.json", "real time cost": 37.04775643348694, "deal time cost": 48.11322179999843, "ts_src_avg": 7.7675765857100485, "ts_rly_avg": 10.079926887641351, "ts_dst_avg": 4.211501502076785}