{"ccmode": "ToR", "para_num": 70, "xtx_ratio": 0.8, "interalltxs": 2407, "interdur": 81.7426540851593, "tps": 958.1423345887956, "latency_avg": 34.89061197440539, "workload_file": "./locals_unix/output/workloads/ToR-70-1000-80.json", "real time cost": 58.446431159973145, "deal time cost": 72.3744859280996, "ts_src_avg": 7.6649677291555065, "ts_rly_avg": 17.59005593542542, "ts_dst_avg": 8.460108682781458}