{"ccmode": "ToR", "para_num": 100, "xtx_ratio": 0.6, "interalltxs": 3302, "interdur": 79.31908512115479, "tps": 1106.524177869672, "latency_avg": 32.6353937665383, "workload_file": "./locals_unix/output/workloads/ToR-100-1000-60.json", "real time cost": 54.223849058151245, "deal time cost": 68.49184463500569, "ts_src_avg": 7.715429469545683, "ts_rly_avg": 16.72849574755033, "ts_dst_avg": 6.8971327854077025}