{"ccmode": "ToR", "para_num": 80, "xtx_ratio": 0.6, "interalltxs": 2562, "interdur": 75.8558840751648, "tps": 911.4893582574379, "latency_avg": 31.07900414201617, "workload_file": "./locals_unix/output/workloads/ToR-80-1000-60.json", "real time cost": 52.66106462478638, "deal time cost": 65.86818470299477, "ts_src_avg": 7.628132370397449, "ts_rly_avg": 15.317143697073062, "ts_dst_avg": 6.569918805286289}