{"ccmode": "ToR", "para_num": 40, "xtx_ratio": 0.4, "interalltxs": 1028, "interdur": 61.27953767776489, "tps": 385.3948223158233, "latency_avg": 26.085297719255088, "workload_file": "./locals_unix/output/workloads/ToR-40-1000-40.json", "real time cost": 41.51586651802063, "deal time cost": 51.51250373899529, "ts_src_avg": 7.474718327596784, "ts_rly_avg": 11.98399472975731, "ts_dst_avg": 5.527889953330159}