{"ccmode": "ToR", "para_num": 150, "xtx_ratio": 0.2, "interalltxs": 3473, "interdur": 60.39980506896973, "tps": 808.0220460625234, "latency_avg": 24.477092737491926, "workload_file": "./locals_unix/output/workloads/ToR-150-1000-20.json", "real time cost": 37.127699851989746, "deal time cost": 49.45324587301002, "ts_src_avg": 7.883878844515483, "ts_rly_avg": 11.42155736134847, "ts_dst_avg": 4.0042057775497435}