{"ccmode": "ToR", "para_num": 120, "xtx_ratio": 0.6, "interalltxs": 3962, "interdur": 79.32825660705566, "tps": 1354.241865668933, "latency_avg": 31.290408261805773, "workload_file": "./locals_unix/output/workloads/ToR-120-1000-60.json", "real time cost": 53.16627836227417, "deal time cost": 68.70336390299781, "ts_src_avg": 7.801434403846661, "ts_rly_avg": 15.192265739003817, "ts_dst_avg": 6.5484030481908055}