{"ccmode": "ToR", "para_num": 80, "xtx_ratio": 0.8, "interalltxs": 2741, "interdur": 82.46235918998718, "tps": 1114.370835207722, "latency_avg": 34.04246903378517, "workload_file": "./locals_unix/output/workloads/ToR-80-1000-80.json", "real time cost": 57.43151021003723, "deal time cost": 71.62841557199135, "ts_src_avg": 7.827862367313355, "ts_rly_avg": 16.742473626293243, "ts_dst_avg": 7.820350431255997}