{"ccmode": "ToR", "para_num": 140, "xtx_ratio": 0.2, "interalltxs": 3659, "interdur": 65.97366309165955, "tps": 724.807092236102, "latency_avg": 23.079345734042782, "workload_file": "./locals_unix/output/workloads/ToR-140-1000-20.json", "real time cost": 38.63096857070923, "deal time cost": 53.831071253996924, "ts_src_avg": 7.493879921581064, "ts_rly_avg": 10.344877269702298, "ts_dst_avg": 4.0719776171531}