{"ccmode": "ToR", "para_num": 50, "xtx_ratio": 0.6, "interalltxs": 1453, "interdur": 71.25063276290894, "tps": 630.6051545483568, "latency_avg": 29.299953981026015, "workload_file": "./locals_unix/output/workloads/ToR-50-1000-60.json", "real time cost": 47.57335042953491, "deal time cost": 61.53484644199489, "ts_src_avg": 7.603877056407929, "ts_rly_avg": 13.556351115703583, "ts_dst_avg": 6.873889470815659}