{"ccmode": "ToR", "para_num": 100, "xtx_ratio": 1.0, "interalltxs": 4181, "interdur": 97.33334565162659, "tps": 1454.9991427089258, "latency_avg": 39.576619897198675, "workload_file": "./locals_unix/output/workloads/ToR-100-1000-100.json", "real time cost": 68.72856283187866, "deal time cost": 86.79881854099222, "ts_src_avg": 7.852079900505543, "ts_rly_avg": 21.22474372959137, "ts_dst_avg": 9.12508351184845}