{"ccmode": "ToR", "para_num": 100, "xtx_ratio": 0.2, "interalltxs": 2393, "interdur": 58.91627478599548, "tps": 545.9808106080574, "latency_avg": 24.68900465788841, "workload_file": "./locals_unix/output/workloads/ToR-100-1000-20.json", "real time cost": 36.63132405281067, "deal time cost": 47.42039204899629, "ts_src_avg": 7.750190018391609, "ts_rly_avg": 11.480746675407886, "ts_dst_avg": 4.229981035196781}