{"ccmode": "ToR", "para_num": 70, "xtx_ratio": 0.2, "interalltxs": 1612, "interdur": 55.69209909439087, "tps": 384.34646661694836, "latency_avg": 24.52898069018977, "workload_file": "./locals_unix/output/workloads/ToR-70-1000-20.json", "real time cost": 36.42546820640564, "deal time cost": 46.468676832999336, "ts_src_avg": 7.840140454939434, "ts_rly_avg": 11.355082172989846, "ts_dst_avg": 4.246570111836706}