{"ccmode": "ToR", "para_num": 160, "xtx_ratio": 0.2, "interalltxs": 4000, "interdur": 63.9994101524353, "tps": 833.1422211439842, "latency_avg": 23.72999399481714, "workload_file": "./locals_unix/output/workloads/ToR-160-1000-20.json", "real time cost": 38.40880846977234, "deal time cost": 53.26754165200691, "ts_src_avg": 7.317013368561864, "ts_rly_avg": 11.3146325751096, "ts_dst_avg": 3.969518286265433}