{"ccmode": "ToR", "para_num": 30, "xtx_ratio": 0.4, "interalltxs": 745, "interdur": 58.62018704414368, "tps": 291.8518726923626, "latency_avg": 26.137746252298356, "workload_file": "./locals_unix/output/workloads/ToR-30-1000-40.json", "real time cost": 41.116748332977295, "deal time cost": 50.6191598019941, "ts_src_avg": 8.022639781852563, "ts_rly_avg": 12.146832379817962, "ts_dst_avg": 4.940815094351769}