{"ccmode": "ToR", "para_num": 80, "xtx_ratio": 0.4, "interalltxs": 2171, "interdur": 67.25373029708862, "tps": 727.8444588174436, "latency_avg": 27.457751002945006, "workload_file": "./locals_unix/output/workloads/ToR-80-1000-40.json", "real time cost": 43.96543741226196, "deal time cost": 56.96140426301281, "ts_src_avg": 7.571021880574524, "ts_rly_avg": 13.336830152370036, "ts_dst_avg": 5.3145434614419935}