{"ccmode": "ToR", "para_num": 20, "xtx_ratio": 0.8, "interalltxs": 542, "interdur": 64.18305492401123, "tps": 337.35769520399134, "latency_avg": 28.924368805006146, "workload_file": "./locals_unix/output/workloads/ToR-20-1000-80.json", "real time cost": 47.42740488052368, "deal time cost": 54.93354019918479, "ts_src_avg": 7.569493532642722, "ts_rly_avg": 12.631683578848838, "ts_dst_avg": 7.559835077241063}