{"ccmode": "ToR", "para_num": 10, "xtx_ratio": 0.4, "interalltxs": 221, "interdur": 51.46440386772156, "tps": 110.75840566222266, "latency_avg": 23.67124039810896, "workload_file": "./locals_unix/output/workloads/ToR-10-1000-40.json", "real time cost": 36.11464047431946, "deal time cost": 43.61547755099309, "ts_src_avg": 7.420024986684322, "ts_rly_avg": 10.473402842640876, "ts_dst_avg": 4.740717350542545}