{"ccmode": "ToR", "para_num": 20, "xtx_ratio": 0.6, "interalltxs": 541, "interdur": 62.1529324054718, "tps": 278.01125951266016, "latency_avg": 27.036823780616125, "workload_file": "./locals_unix/output/workloads/ToR-20-1000-60.json", "real time cost": 43.16371941566467, "deal time cost": 53.6839759840077, "ts_src_avg": 7.744648158371448, "ts_rly_avg": 12.359284411927064, "ts_dst_avg": 6.177669202268124}