{"ccmode": "ToR", "para_num": 20, "xtx_ratio": 0.4, "interalltxs": 492, "interdur": 58.06828045845032, "tps": 205.95484048041155, "latency_avg": 24.846161782860754, "workload_file": "./locals_unix/output/workloads/ToR-20-1000-40.json", "real time cost": 38.84346675872803, "deal time cost": 48.82062570400012, "ts_src_avg": 7.755893171727657, "ts_rly_avg": 11.386533673465252, "ts_dst_avg": 4.868799272984266}