{"ccmode": "ToR", "para_num": 120, "xtx_ratio": 0.8, "interalltxs": 4378, "interdur": 88.81712651252747, "tps": 1580.1118620094219, "latency_avg": 35.05949299005419, "workload_file": "./locals_unix/output/workloads/ToR-120-1000-80.json", "real time cost": 60.755192279815674, "deal time cost": 76.76657549408264, "ts_src_avg": 7.819624547183514, "ts_rly_avg": 17.157962329541643, "ts_dst_avg": 8.181490162139138}