{"ccmode": "ToR", "para_num": 30, "xtx_ratio": 0.6, "interalltxs": 797, "interdur": 62.76316714286804, "tps": 394.54930127577893, "latency_avg": 28.279078130814764, "workload_file": "./locals_unix/output/workloads/ToR-30-1000-60.json", "real time cost": 45.62167501449585, "deal time cost": 55.09079331799876, "ts_src_avg": 7.988831687251727, "ts_rly_avg": 13.095590825981564, "ts_dst_avg": 6.134878907375866}