{"ccmode": "ToR", "para_num": 150, "xtx_ratio": 0.4, "interalltxs": 4140, "interdur": 70.45018768310547, "tps": 1317.1701823831302, "latency_avg": 27.910159807952244, "workload_file": "./locals_unix/output/workloads/ToR-150-1000-40.json", "real time cost": 45.55220031738281, "deal time cost": 59.26860816999397, "ts_src_avg": 7.900827715563774, "ts_rly_avg": 13.412497463508448, "ts_dst_avg": 4.759288423395157}