{"ccmode": "ToR", "para_num": 130, "xtx_ratio": 0.2, "interalltxs": 3034, "interdur": 59.36203384399414, "tps": 703.970886157475, "latency_avg": 24.11497345014719, "workload_file": "./locals_unix/output/workloads/ToR-130-1000-20.json", "real time cost": 36.933345556259155, "deal time cost": 48.435776199999964, "ts_src_avg": 7.79909822332859, "ts_rly_avg": 11.141754425278076, "ts_dst_avg": 4.016277966966996}