{"ccmode": "ToR", "para_num": 200, "xtx_ratio": 0.6, "interalltxs": 7240, "interdur": 88.74518275260925, "tps": 2171.6054381570793, "latency_avg": 32.41369057753285, "workload_file": "./locals_unix/output/workloads/ToR-200-1000-60.json", "real time cost": 55.25865697860718, "deal time cost": 75.57808675600972, "ts_src_avg": 7.289833019040028, "ts_rly_avg": 12.133508213303486, "ts_dst_avg": 5.905741302925349}