{"ccmode": "ToR", "para_num": 10, "xtx_ratio": 0.6, "interalltxs": 222, "interdur": 53.481024503707886, "tps": 156.98247995652318, "latency_avg": 25.282202560106914, "workload_file": "./locals_unix/output/workloads/ToR-10-1000-60.json", "real time cost": 38.22082567214966, "deal time cost": 43.85545318899676, "ts_src_avg": 7.402353246649106, "ts_rly_avg": 11.305093534827233, "ts_dst_avg": 5.587731917103132}