{"ccmode": "ToR", "para_num": 200, "xtx_ratio": 0.8, "interalltxs": 8018, "interdur": 97.69119834899902, "tps": 2473.818550097351, "latency_avg": 35.58431887189895, "workload_file": "./locals_unix/output/workloads/ToR-200-1000-80.json", "real time cost": 64.67733860015869, "deal time cost": 85.37611437006854, "ts_src_avg": 7.274099251288176, "ts_rly_avg": 10.40777567638606, "ts_dst_avg": 6.2238695587903266}