{"ccmode": "ToR", "para_num": 20, "xtx_ratio": 0.2, "interalltxs": 442, "interdur": 53.963717222213745, "tps": 116.65435068366169, "latency_avg": 22.610164858937264, "workload_file": "./locals_unix/output/workloads/ToR-20-1000-20.json", "real time cost": 34.2893340587616, "deal time cost": 43.71360160900804, "ts_src_avg": 7.700200127363205, "ts_rly_avg": 10.3959513078928, "ts_dst_avg": 3.8228366225361823}