{"ccmode": "ToR", "para_num": 200, "xtx_ratio": 0.2, "interalltxs": 5173, "interdur": 66.7978105545044, "tps": 1022.4288207010985, "latency_avg": 24.21436119530201, "workload_file": "./locals_unix/output/workloads/ToR-200-1000-20.json", "real time cost": 39.122527837753296, "deal time cost": 52.407204194998485, "ts_src_avg": 7.2896353954553605, "ts_rly_avg": 11.811316931623221, "ts_dst_avg": 3.7851390963315965}