{"ccmode": "ToR", "para_num": 10, "xtx_ratio": 0.8, "interalltxs": 237, "interdur": 55.50339865684509, "tps": 189.3346908408116, "latency_avg": 27.168965094715357, "workload_file": "./locals_unix/output/workloads/ToR-10-1000-80.json", "real time cost": 42.25321817398071, "deal time cost": 48.94965460198, "ts_src_avg": 7.358046611368656, "ts_rly_avg": 12.054007701277733, "ts_dst_avg": 6.7129333567619325}