{"ccmode": "ToR", "para_num": 150, "xtx_ratio": 0.8, "interalltxs": 5482, "interdur": 92.35075998306274, "tps": 1906.059352494855, "latency_avg": 35.63093928526044, "workload_file": "./locals_unix/output/workloads/ToR-150-1000-80.json", "real time cost": 62.95711612701416, "deal time cost": 79.28562253084965, "ts_src_avg": 7.830077267849445, "ts_rly_avg": 17.418392331045865, "ts_dst_avg": 7.335017469416062}