{"ccmode": "ToR", "para_num": 60, "xtx_ratio": 0.8, "interalltxs": 1980, "interdur": 78.60118746757507, "tps": 850.6890858803359, "latency_avg": 33.06585923788945, "workload_file": "./locals_unix/output/workloads/ToR-60-1000-80.json", "real time cost": 56.42484521865845, "deal time cost": 68.4375670638401, "ts_src_avg": 7.915259656021992, "ts_rly_avg": 15.788678009519975, "ts_dst_avg": 8.079651000037789}