{"ccmode": "ToR", "para_num": 90, "xtx_ratio": 0.8, "interalltxs": 3195, "interdur": 83.66554975509644, "tps": 1203.6151272704199, "latency_avg": 34.29128332116206, "workload_file": "./locals_unix/output/workloads/ToR-90-1000-80.json", "real time cost": 59.8197865486145, "deal time cost": 73.9274394470267, "ts_src_avg": 7.883346746451325, "ts_rly_avg": 16.007647131899994, "ts_dst_avg": 9.02550771218207}