{"ccmode": "ToR", "para_num": 200, "xtx_ratio": 0.4, "interalltxs": 5902, "interdur": 77.13540887832642, "tps": 1701.871626393217, "latency_avg": 28.35312412118912, "workload_file": "./locals_unix/output/workloads/ToR-200-1000-40.json", "real time cost": 47.007070779800415, "deal time cost": 62.046340603003046, "ts_src_avg": 7.28658467066288, "ts_rly_avg": 12.074441227701307, "ts_dst_avg": 4.69792796086073}