{"ccmode": "ToR", "para_num": 160, "xtx_ratio": 0.4, "interalltxs": 4546, "interdur": 72.33880853652954, "tps": 1350.184352525924, "latency_avg": 29.0410000134781, "workload_file": "./locals_unix/output/workloads/ToR-160-1000-40.json", "real time cost": 47.40093445777893, "deal time cost": 59.81432469999709, "ts_src_avg": 7.682863998010754, "ts_rly_avg": 14.417573546558618, "ts_dst_avg": 5.050204238414764}