{"ccmode": "ToR", "para_num": 170, "xtx_ratio": 0.6, "interalltxs": 5784, "interdur": 83.94951105117798, "tps": 1868.4548892595071, "latency_avg": 31.43040631646035, "workload_file": "./locals_unix/output/workloads/ToR-170-1000-60.json", "real time cost": 54.59056067466736, "deal time cost": 72.95813288199133, "ts_src_avg": 7.288786847367006, "ts_rly_avg": 14.35839568241671, "ts_dst_avg": 6.113001038086181}