{"ccmode": "ToR", "para_num": 50, "xtx_ratio": 0.4, "interalltxs": 1286, "interdur": 64.97144293785095, "tps": 470.74462648012934, "latency_avg": 26.267185999035835, "workload_file": "./locals_unix/output/workloads/ToR-50-1000-40.json", "real time cost": 42.485880613327026, "deal time cost": 54.14234567699896, "ts_src_avg": 7.649903357505798, "ts_rly_avg": 11.960962461459637, "ts_dst_avg": 5.414587932145595}