{"ccmode": "ToR", "para_num": 160, "xtx_ratio": 0.6, "interalltxs": 5373, "interdur": 84.32682538032532, "tps": 1753.122332335682, "latency_avg": 31.53129032662759, "workload_file": "./locals_unix/output/workloads/ToR-160-1000-60.json", "real time cost": 54.759441614151, "deal time cost": 72.3474247539998, "ts_src_avg": 7.3342027651046715, "ts_rly_avg": 15.916041339111825, "ts_dst_avg": 5.565496596602102}