{"ccmode": "ToR", "para_num": 180, "xtx_ratio": 0.2, "interalltxs": 4505, "interdur": 64.18509817123413, "tps": 926.2838108515917, "latency_avg": 24.621257740120093, "workload_file": "./locals_unix/output/workloads/ToR-180-1000-20.json", "real time cost": 38.864978075027466, "deal time cost": 50.85516533500049, "ts_src_avg": 7.584092916727066, "ts_rly_avg": 11.769375801424186, "ts_dst_avg": 3.988599300901095}