{"ccmode": "ToR", "para_num": 110, "xtx_ratio": 0.2, "interalltxs": 2799, "interdur": 62.23038911819458, "tps": 571.3192046818477, "latency_avg": 23.829784686088562, "workload_file": "./locals_unix/output/workloads/ToR-110-1000-20.json", "real time cost": 38.50736999511719, "deal time cost": 50.75612155799172, "ts_src_avg": 7.487104095404798, "ts_rly_avg": 10.930517003113573, "ts_dst_avg": 4.2361077278960835}