{"ccmode": "ToR", "para_num": 130, "xtx_ratio": 0.8, "interalltxs": 4738, "interdur": 87.94594526290894, "tps": 1662.77705863015, "latency_avg": 35.35534622044518, "workload_file": "./locals_unix/output/workloads/ToR-130-1000-80.json", "real time cost": 62.54596757888794, "deal time cost": 77.4082513100002, "ts_src_avg": 7.92564290150083, "ts_rly_avg": 18.19974398557727, "ts_dst_avg": 7.026883048206567}