{"ccmode": "ToR", "para_num": 140, "xtx_ratio": 0.6, "interalltxs": 4651, "interdur": 80.59654235839844, "tps": 1535.425105876953, "latency_avg": 31.42220347588119, "workload_file": "./locals_unix/output/workloads/ToR-140-1000-60.json", "real time cost": 54.70797610282898, "deal time cost": 69.88268752700242, "ts_src_avg": 7.650156274670646, "ts_rly_avg": 15.752037521441778, "ts_dst_avg": 5.64560687356052}