{"ccmode": "AoR", "para_num": 130, "xtx_ratio": 0.8, "interalltxs": 59355, "interdur": 237.4500606060028, "tps": 232.1988281060555, "latency_avg": 113.49239960059752, "workload_file": "./locals/output/workloads/AoR-130-500-80.json", "real time cost": 223.94600534439087, "deal time cost": 230.18179174594115, "ts_src_avg": 5.654121559867492, "ts_rly01_avg": 16.20300097633325, "ts_inter_avg": 84.67215186873308, "ts_rly02_avg": 1.569694697196667, "ts_dst_avg": 3.630998639679872}