{"ccmode": "AoR", "para_num": 40, "xtx_ratio": 0.6, "interalltxs": 13242, "interdur": 70.78629755973816, "tps": 198.7736584199757, "latency_avg": 36.77541271752119, "workload_file": "./locals/output/workloads/AoR-40-500-60.json", "real time cost": 60.37017226219177, "deal time cost": 63.855278452974744, "ts_src_avg": 6.235343371152878, "ts_rly01_avg": 5.573692141552766, "ts_inter_avg": 18.143692525664964, "ts_rly02_avg": 1.7810525329907736, "ts_dst_avg": 3.6150379214286805}