{"ccmode": "AoR", "para_num": 180, "xtx_ratio": 0.8, "interalltxs": 85498, "interdur": 339.1795768737793, "tps": 220.7212770264968, "latency_avg": 154.8006535209351, "workload_file": "./locals/output/workloads/AoR-180-500-80.json", "real time cost": 326.2032594680786, "deal time cost": 333.26945593894925, "ts_src_avg": 5.893521989487939, "ts_rly01_avg": 21.868540031039053, "ts_inter_avg": 120.02858895526992, "ts_rly02_avg": 1.5090177189707756, "ts_dst_avg": 3.623229555139939}