{"ccmode": "AoR", "para_num": 190, "xtx_ratio": 0.8, "interalltxs": 90202, "interdur": 357.8525278568268, "tps": 223.1842868421628, "latency_avg": 168.2895525064625, "workload_file": "./locals/output/workloads/AoR-190-500-80.json", "real time cost": 340.5257649421692, "deal time cost": 349.8162244920386, "ts_src_avg": 6.06654937898799, "ts_rly01_avg": 35.39547273681352, "ts_inter_avg": 119.77417002728424, "ts_rly02_avg": 1.5033073985106067, "ts_dst_avg": 3.6307919581312884}