{"ccmode": "AoR", "para_num": 30, "xtx_ratio": 0.4, "interalltxs": 6602, "interdur": 48.89134192466736, "tps": 157.87209461732377, "latency_avg": 25.85575118656953, "workload_file": "./locals/output/workloads/AoR-30-500-40.json", "real time cost": 38.00545001029968, "deal time cost": 41.63408770202659, "ts_src_avg": 6.404497218728065, "ts_rly01_avg": 4.658711139837901, "ts_inter_avg": 7.902866647919019, "ts_rly02_avg": 1.8437304758230846, "ts_dst_avg": 3.649632504185041}