{"ccmode": "AoR", "para_num": 70, "xtx_ratio": 0.6, "interalltxs": 24600, "interdur": 112.19966387748718, "tps": 212.3329093676573, "latency_avg": 54.74536319437481, "workload_file": "./locals/output/workloads/AoR-70-500-60.json", "real time cost": 98.901296377182, "deal time cost": 103.51273909001611, "ts_src_avg": 5.59295238619759, "ts_rly01_avg": 12.375414070821943, "ts_inter_avg": 30.097836158309665, "ts_rly02_avg": 1.564555186373847, "ts_dst_avg": 3.640166055316017}