{"ccmode": "AoR", "para_num": 200, "xtx_ratio": 0.8, "interalltxs": 94602, "interdur": 373.63243532180786, "tps": 222.40240351214277, "latency_avg": 174.3567651022315, "workload_file": "./locals/output/workloads/AoR-200-500-80.json", "real time cost": 359.70834279060364, "deal time cost": 367.385505312006, "ts_src_avg": 5.942154283177852, "ts_rly01_avg": 34.20351198465824, "ts_inter_avg": 127.08034149569274, "ts_rly02_avg": 1.4841371968597175, "ts_dst_avg": 3.6317360155016183}