{"ccmode": "AoR", "para_num": 100, "xtx_ratio": 1.0, "interalltxs": 56302, "interdur": 224.62417197227478, "tps": 237.61436084512638, "latency_avg": 111.37457827136039, "workload_file": "./locals/output/workloads/AoR-100-500-100.json", "real time cost": 210.42499208450317, "deal time cost": 216.7384769479977, "ts_src_avg": 5.699565171465874, "ts_rly01_avg": 22.408617336301802, "ts_inter_avg": 76.27146960278988, "ts_rly02_avg": 1.5627913092708587, "ts_dst_avg": 3.6271070637369154}