{"ccmode": "AoR", "para_num": 90, "xtx_ratio": 0.4, "interalltxs": 21963, "interdur": 97.7059473991394, "tps": 214.47774688326766, "latency_avg": 47.73743435315291, "workload_file": "./locals/output/workloads/AoR-90-500-40.json", "real time cost": 83.92479062080383, "deal time cost": 88.1640748269856, "ts_src_avg": 5.695345939755439, "ts_rly01_avg": 6.612302248862054, "ts_inter_avg": 28.436391303804186, "ts_rly02_avg": 1.589857951786783, "ts_dst_avg": 3.6387531371646458}