{"ccmode": "AoR", "para_num": 170, "xtx_ratio": 0.2, "interalltxs": 24868, "interdur": 106.84807467460632, "tps": 173.45985645100097, "latency_avg": 49.619413796340716, "workload_file": "./locals/output/workloads/AoR-170-500-20.json", "real time cost": 98.00538492202759, "deal time cost": 102.30597018799745, "ts_src_avg": 5.8520630464834325, "ts_rly01_avg": 12.177565992383396, "ts_inter_avg": 24.56777003943219, "ts_rly02_avg": 1.6437893286031835, "ts_dst_avg": 3.6285510415610145}