{"ccmode": "AoR", "para_num": 90, "xtx_ratio": 0.6, "interalltxs": 32272, "interdur": 132.83832454681396, "tps": 219.33398764127705, "latency_avg": 65.33348420078666, "workload_file": "./locals/output/workloads/AoR-90-500-60.json", "real time cost": 123.0999367237091, "deal time cost": 127.35130638699047, "ts_src_avg": 5.669951535533976, "ts_rly01_avg": 12.431859850177059, "ts_inter_avg": 40.20682824893351, "ts_rly02_avg": 1.5728149953241701, "ts_dst_avg": 3.64069443654131}