{"ccmode": "AoR", "para_num": 190, "xtx_ratio": 1.0, "interalltxs": 111572, "interdur": 441.44139313697815, "tps": 224.62929954624366, "latency_avg": 202.31840372637447, "workload_file": "./locals/output/workloads/AoR-190-500-100.json", "real time cost": 422.9190056324005, "deal time cost": 433.4110077919904, "ts_src_avg": 5.928739537397184, "ts_rly01_avg": 28.299423573039707, "ts_inter_avg": 160.9995113721998, "ts_rly02_avg": 1.5146081771198072, "ts_dst_avg": 3.6281657632376016}