{"ccmode": "AoR", "para_num": 10, "xtx_ratio": 0.4, "interalltxs": 2152, "interdur": 38.85946297645569, "tps": 72.87840223338564, "latency_avg": 21.327116302013398, "workload_file": "./locals/output/workloads/AoR-10-500-40.json", "real time cost": 27.442972660064697, "deal time cost": 31.38947997195646, "ts_src_avg": 6.697292223930359, "ts_rly01_avg": 2.5884262903928756, "ts_inter_avg": 4.502388669371605, "ts_rly02_avg": 2.1229121086597442, "ts_dst_avg": 3.7877354958057405}