{"ccmode": "AoR", "para_num": 150, "xtx_ratio": 0.6, "interalltxs": 56385, "interdur": 226.46337628364563, "tps": 212.83893320454118, "latency_avg": 100.13422491153611, "workload_file": "./locals/output/workloads/AoR-150-500-60.json", "real time cost": 211.4274833202362, "deal time cost": 218.59508113295306, "ts_src_avg": 5.832255097553465, "ts_rly01_avg": 13.522781160820855, "ts_inter_avg": 73.66879247527652, "ts_rly02_avg": 1.5652212890042199, "ts_dst_avg": 3.621958067205217}