{"ccmode": "AoR", "para_num": 130, "xtx_ratio": 0.2, "interalltxs": 18053, "interdur": 85.20824909210205, "tps": 176.45173792024806, "latency_avg": 40.206828958419656, "workload_file": "./locals/output/workloads/AoR-130-500-20.json", "real time cost": 73.67453646659851, "deal time cost": 77.4245397959603, "ts_src_avg": 5.771578244227629, "ts_rly01_avg": 9.03451772587116, "ts_inter_avg": 18.447626717769182, "ts_rly02_avg": 1.6167835858418391, "ts_dst_avg": 3.6326296070172237}