{"ccmode": "AoR", "para_num": 110, "xtx_ratio": 0.8, "interalltxs": 50304, "interdur": 202.14437294006348, "tps": 233.90781510883787, "latency_avg": 98.94061396741867, "workload_file": "./locals/output/workloads/AoR-110-500-80.json", "real time cost": 188.10829377174377, "deal time cost": 194.39184394897893, "ts_src_avg": 5.663614826836369, "ts_rly01_avg": 15.781402627424761, "ts_inter_avg": 70.41681560643153, "ts_rly02_avg": 1.5176026059822603, "ts_dst_avg": 3.632639636115594}