{"ccmode": "AoR", "para_num": 100, "xtx_ratio": 0.4, "interalltxs": 25002, "interdur": 109.39968061447144, "tps": 208.36093311192707, "latency_avg": 51.56950196567774, "workload_file": "./locals/output/workloads/AoR-100-500-40.json", "real time cost": 95.98728370666504, "deal time cost": 100.44919714191929, "ts_src_avg": 5.671619999587536, "ts_rly01_avg": 6.955815573942662, "ts_inter_avg": 32.010635444116595, "ts_rly02_avg": 1.5849852534294129, "ts_dst_avg": 3.6300810203552247}