{"ccmode": "AoR", "para_num": 40, "xtx_ratio": 0.4, "interalltxs": 8962, "interdur": 57.12347102165222, "tps": 174.4868175486903, "latency_avg": 28.74149523845315, "workload_file": "./locals/output/workloads/AoR-40-500-40.json", "real time cost": 45.84873580932617, "deal time cost": 49.696812827955, "ts_src_avg": 6.265561977893114, "ts_rly01_avg": 4.913528701871633, "ts_inter_avg": 10.8962815425694, "ts_rly02_avg": 1.7985663534104823, "ts_dst_avg": 3.591649457663298}