{"ccmode": "AoR", "para_num": 120, "xtx_ratio": 0.4, "interalltxs": 31448, "interdur": 133.7839276790619, "tps": 199.74133609744385, "latency_avg": 59.43359572796027, "workload_file": "./locals/output/workloads/AoR-120-500-40.json", "real time cost": 120.15539932250977, "deal time cost": 124.71682804904412, "ts_src_avg": 5.613393852591515, "ts_rly01_avg": 10.245171719412008, "ts_inter_avg": 36.50010216058294, "ts_rly02_avg": 1.5886723946829637, "ts_dst_avg": 3.623159348120292}