{"ccmode": "AoR", "para_num": 80, "xtx_ratio": 0.4, "interalltxs": 19162, "interdur": 88.52277302742004, "tps": 210.99253031669085, "latency_avg": 43.83126559776068, "workload_file": "./locals/output/workloads/AoR-80-500-40.json", "real time cost": 75.83206844329834, "deal time cost": 79.78764246799983, "ts_src_avg": 5.765539973393083, "ts_rly01_avg": 6.28253848579526, "ts_inter_avg": 25.066590908199547, "ts_rly02_avg": 1.4991360133588314, "ts_dst_avg": 3.6606885911226272}