{"ccmode": "AoR", "para_num": 40, "xtx_ratio": 0.8, "interalltxs": 17631, "interdur": 90.69065928459167, "tps": 208.84812848820752, "latency_avg": 43.91482795171439, "workload_file": "./locals/output/workloads/AoR-40-500-80.json", "real time cost": 76.61069369316101, "deal time cost": 82.64971195103135, "ts_src_avg": 6.214341844394803, "ts_rly01_avg": 7.630269989952445, "ts_inter_avg": 22.876164608612658, "ts_rly02_avg": 1.75194457064569, "ts_dst_avg": 3.6454822680950163}