{"ccmode": "AoR", "para_num": 50, "xtx_ratio": 0.2, "interalltxs": 6052, "interdur": 50.00551247596741, "tps": 129.92949744657787, "latency_avg": 25.01526007990837, "workload_file": "./locals/output/workloads/AoR-50-500-20.json", "real time cost": 38.48240852355957, "deal time cost": 42.53834103909321, "ts_src_avg": 6.077545665884018, "ts_rly01_avg": 4.924167861890793, "ts_inter_avg": 6.9166121845722195, "ts_rly02_avg": 1.5663628418445588, "ts_dst_avg": 3.726589829301834}