{"ccmode": "AoR", "para_num": 40, "xtx_ratio": 1.0, "interalltxs": 21826, "interdur": 102.09936809539795, "tps": 219.67657545626403, "latency_avg": 51.551380775809285, "workload_file": "./locals/output/workloads/AoR-40-500-100.json", "real time cost": 91.04293417930603, "deal time cost": 94.89502668904606, "ts_src_avg": 6.237053217077255, "ts_rly01_avg": 10.172496774101257, "ts_inter_avg": 28.13237775272131, "ts_rly02_avg": 1.7030201905965805, "ts_dst_avg": 3.667257369720936}