{"ccmode": "AoR", "para_num": 110, "xtx_ratio": 0.4, "interalltxs": 28272, "interdur": 124.38597106933594, "tps": 201.12398510946431, "latency_avg": 55.840321074854245, "workload_file": "./locals/output/workloads/AoR-110-500-40.json", "real time cost": 109.385262966156, "deal time cost": 114.56551550293807, "ts_src_avg": 5.612804182182659, "ts_rly01_avg": 9.574309983611107, "ts_inter_avg": 33.77707290263609, "ts_rly02_avg": 1.5301665871468457, "ts_dst_avg": 3.63848811192946}