{"ccmode": "AoR", "para_num": 170, "xtx_ratio": 1.0, "interalltxs": 100253, "interdur": 398.0153543949127, "tps": 224.17940741265053, "latency_avg": 184.58885928708807, "workload_file": "./locals/output/workloads/AoR-170-500-100.json", "real time cost": 379.16060614585876, "deal time cost": 387.7696657970082, "ts_src_avg": 5.846883281811546, "ts_rly01_avg": 34.724476690143696, "ts_inter_avg": 137.0142986405513, "ts_rly02_avg": 1.5244944394167732, "ts_dst_avg": 3.6254671506545124}