{"ccmode": "AoR", "para_num": 90, "xtx_ratio": 0.2, "interalltxs": 11525, "interdur": 64.14596438407898, "tps": 166.9214216057871, "latency_avg": 31.42145419862535, "workload_file": "./locals/output/workloads/AoR-90-500-20.json", "real time cost": 53.917585372924805, "deal time cost": 57.90666347590741, "ts_src_avg": 5.726858795166016, "ts_rly01_avg": 6.351467318746779, "ts_inter_avg": 12.522522857454089, "ts_rly02_avg": 1.5824849259588454, "ts_dst_avg": 3.673118079053031}