{"ccmode": "AoR", "para_num": 160, "xtx_ratio": 0.6, "interalltxs": 57456, "interdur": 231.06460881233215, "tps": 220.7268094111032, "latency_avg": 107.70864552910626, "workload_file": "./locals/output/workloads/AoR-160-500-60.json", "real time cost": 217.46338891983032, "deal time cost": 223.79866214795038, "ts_src_avg": 5.735390053530534, "ts_rly01_avg": 16.40803898648421, "ts_inter_avg": 78.62674584109088, "ts_rly02_avg": 1.5120790146191916, "ts_dst_avg": 3.6389799571533996}