{"ccmode": "AoR", "para_num": 50, "xtx_ratio": 0.8, "interalltxs": 22352, "interdur": 105.6355938911438, "tps": 215.84585970039188, "latency_avg": 51.10381306387186, "workload_file": "./locals/output/workloads/AoR-50-500-80.json", "real time cost": 92.65871500968933, "deal time cost": 96.96577936201356, "ts_src_avg": 6.0465467415452006, "ts_rly01_avg": 9.610886618363857, "ts_inter_avg": 28.57008734328747, "ts_rly02_avg": 1.5348169755220413, "ts_dst_avg": 3.656821360826492}