{"ccmode": "AoR", "para_num": 140, "xtx_ratio": 0.8, "interalltxs": 64422, "interdur": 256.7804548740387, "tps": 229.56192049562952, "latency_avg": 121.86511690912076, "workload_file": "./locals/output/workloads/AoR-140-500-80.json", "real time cost": 243.9428973197937, "deal time cost": 250.46926406398416, "ts_src_avg": 5.780188343329089, "ts_rly01_avg": 15.711088216232403, "ts_inter_avg": 93.45729757087571, "ts_rly02_avg": 1.524386944323778, "ts_dst_avg": 3.6303165011661394}