{"ccmode": "AoR", "para_num": 20, "xtx_ratio": 0.6, "interalltxs": 6442, "interdur": 54.64079475402832, "tps": 144.11368501808025, "latency_avg": 27.848859434644382, "workload_file": "./locals/output/workloads/AoR-20-500-60.json", "real time cost": 41.63379764556885, "deal time cost": 45.5039768780116, "ts_src_avg": 6.592250932772954, "ts_rly01_avg": 4.030736579616865, "ts_inter_avg": 9.964332353512447, "ts_rly02_avg": 1.8926059971253077, "ts_dst_avg": 3.7444575174252193}