{"ccmode": "AoR", "para_num": 170, "xtx_ratio": 0.4, "interalltxs": 42190, "interdur": 172.2762804031372, "tps": 209.72601168432294, "latency_avg": 81.63616206195775, "workload_file": "./locals/output/workloads/AoR-170-500-40.json", "real time cost": 162.1162760257721, "deal time cost": 167.42433726903982, "ts_src_avg": 5.8192244186191, "ts_rly01_avg": 14.988989231866949, "ts_inter_avg": 53.71169653041924, "ts_rly02_avg": 1.6260010809688008, "ts_dst_avg": 3.6348317289282295}