{"ccmode": "AoR", "para_num": 70, "xtx_ratio": 0.2, "interalltxs": 8683, "interdur": 57.09125638008118, "tps": 154.74625840621388, "latency_avg": 27.67791697832516, "workload_file": "./locals/output/workloads/AoR-70-500-20.json", "real time cost": 45.235342502593994, "deal time cost": 48.70004062401131, "ts_src_avg": 5.6481492303780145, "ts_rly01_avg": 4.503093665463584, "ts_inter_avg": 10.413866292885372, "ts_rly02_avg": 1.7171274413721902, "ts_dst_avg": 3.5796081412860326}