{"ccmode": "AoR", "para_num": 10, "xtx_ratio": 0.8, "interalltxs": 4170, "interdur": 44.44991946220398, "tps": 124.21316540875279, "latency_avg": 24.157310548961163, "workload_file": "./locals/output/workloads/AoR-10-500-80.json", "real time cost": 32.20270562171936, "deal time cost": 35.57493325602263, "ts_src_avg": 6.7468807702064515, "ts_rly01_avg": 3.848096434891224, "ts_inter_avg": 5.9073512400984765, "ts_rly02_avg": 2.429153747141361, "ts_dst_avg": 3.9836010143756866}