{"ccmode": "AoR", "para_num": 50, "xtx_ratio": 1.0, "interalltxs": 27808, "interdur": 123.1241409778595, "tps": 226.94793791241037, "latency_avg": 61.25929122549057, "workload_file": "./locals/output/workloads/AoR-50-500-100.json", "real time cost": 110.15742301940918, "deal time cost": 114.74513698497321, "ts_src_avg": 6.051818261270523, "ts_rly01_avg": 13.714394460792542, "ts_inter_avg": 34.52250197677612, "ts_rly02_avg": 1.5779272224712373, "ts_dst_avg": 3.650902859725952}