{"ccmode": "AoR", "para_num": 70, "xtx_ratio": 0.8, "interalltxs": 32386, "interdur": 136.22195839881897, "tps": 227.66270739863003, "latency_avg": 68.39798199016707, "workload_file": "./locals/output/workloads/AoR-70-500-80.json", "real time cost": 122.98896169662476, "deal time cost": 127.66996254096739, "ts_src_avg": 5.6722271294338364, "ts_rly01_avg": 16.538356940627096, "ts_inter_avg": 39.22771751005309, "ts_rly02_avg": 1.6220599221161434, "ts_dst_avg": 3.6286321480955395}