{"ccmode": "AoR", "para_num": 50, "xtx_ratio": 0.4, "interalltxs": 11427, "interdur": 65.76315307617188, "tps": 185.73862527589364, "latency_avg": 32.16990446698666, "workload_file": "./locals/output/workloads/AoR-50-500-40.json", "real time cost": 53.83909773826599, "deal time cost": 57.66984141396824, "ts_src_avg": 6.068675328683853, "ts_rly01_avg": 4.033206421232223, "ts_inter_avg": 15.135092120265961, "ts_rly02_avg": 1.6348796910762786, "ts_dst_avg": 3.63251891810894}