{"ccmode": "AoR", "para_num": 150, "xtx_ratio": 0.2, "interalltxs": 21531, "interdur": 95.1514790058136, "tps": 177.24439392824158, "latency_avg": 45.02056236780484, "workload_file": "./locals/output/workloads/AoR-150-500-20.json", "real time cost": 84.628910779953, "deal time cost": 88.49712105398066, "ts_src_avg": 5.722405474615097, "ts_rly01_avg": 10.74440910223325, "ts_inter_avg": 21.587155148251853, "ts_rly02_avg": 1.6152288342952728, "ts_dst_avg": 3.6263534683386487}