{"ccmode": "AoR", "para_num": 80, "xtx_ratio": 0.8, "interalltxs": 37811, "interdur": 155.8365023136139, "tps": 224.3598360744662, "latency_avg": 76.28566264339537, "workload_file": "./locals/output/workloads/AoR-80-500-80.json", "real time cost": 142.62802362442017, "deal time cost": 147.217894498026, "ts_src_avg": 5.61968774048239, "ts_rly01_avg": 17.53697342502326, "ts_inter_avg": 46.18214807871729, "ts_rly02_avg": 1.561059722557664, "ts_dst_avg": 3.6262078164592384}