{"ccmode": "AoR", "para_num": 180, "xtx_ratio": 1.0, "interalltxs": 106151, "interdur": 420.15492606163025, "tps": 224.0777331941617, "latency_avg": 192.54085231529606, "workload_file": "./locals/output/workloads/AoR-180-500-100.json", "real time cost": 401.646333694458, "deal time cost": 409.9569592969492, "ts_src_avg": 5.920671466610167, "ts_rly01_avg": 30.862421167320676, "ts_inter_avg": 148.6930111112621, "ts_rly02_avg": 1.5137343431711197, "ts_dst_avg": 3.634523593118456}