{"ccmode": "AoR", "para_num": 30, "xtx_ratio": 0.2, "interalltxs": 3528, "interdur": 43.40162706375122, "tps": 98.75340746961935, "latency_avg": 22.377969396591187, "workload_file": "./locals/output/workloads/AoR-30-500-20.json", "real time cost": 30.378698587417603, "deal time cost": 34.37253424106166, "ts_src_avg": 6.305115259329478, "ts_rly01_avg": 3.1227268068790437, "ts_inter_avg": 5.506166831413905, "ts_rly02_avg": 1.8380747550328573, "ts_dst_avg": 3.6755783301989235}