{"ccmode": "AoR", "para_num": 200, "xtx_ratio": 0.4, "interalltxs": 49602, "interdur": 200.57010531425476, "tps": 213.27546464916972, "latency_avg": 94.52810311364532, "workload_file": "./locals/output/workloads/AoR-200-500-40.json", "real time cost": 187.5508749485016, "deal time cost": 192.8837738300208, "ts_src_avg": 6.0319691457569595, "ts_rly01_avg": 18.643986293846368, "ts_inter_avg": 62.79140539762974, "ts_rly02_avg": 1.5031070430457592, "ts_dst_avg": 3.6031904132544996}