{"ccmode": "AoR", "para_num": 20, "xtx_ratio": 0.2, "interalltxs": 2324, "interdur": 41.24090003967285, "tps": 70.29226575488866, "latency_avg": 21.049563270807266, "workload_file": "./locals/output/workloads/AoR-20-500-20.json", "real time cost": 28.452632427215576, "deal time cost": 32.365667084930465, "ts_src_avg": 6.528963446140289, "ts_rly01_avg": 2.3806434655189515, "ts_inter_avg": 4.811479660630226, "ts_rly02_avg": 1.9211451320648194, "ts_dst_avg": 3.712121846437454}