{"ccmode": "AoR", "para_num": 160, "xtx_ratio": 0.8, "interalltxs": 74378, "interdur": 296.0628116130829, "tps": 226.98782142454866, "latency_avg": 141.42965059471877, "workload_file": "./locals/output/workloads/AoR-160-500-80.json", "real time cost": 281.95345282554626, "deal time cost": 289.7278519279789, "ts_src_avg": 5.708537168201059, "ts_rly01_avg": 27.542290452584623, "ts_inter_avg": 101.0787185989283, "ts_rly02_avg": 1.5655323108918966, "ts_dst_avg": 3.6269811866357924}