{"ccmode": "AoR", "para_num": 200, "xtx_ratio": 1.0, "interalltxs": 118602, "interdur": 469.09800028800964, "tps": 223.81559728913726, "latency_avg": 213.32585525367023, "workload_file": "./locals/output/workloads/AoR-200-500-100.json", "real time cost": 446.79638600349426, "deal time cost": 457.80717374396045, "ts_src_avg": 6.002032886278629, "ts_rly01_avg": 31.059846277263166, "ts_inter_avg": 169.09441069464208, "ts_rly02_avg": 1.5184944270443916, "ts_dst_avg": 3.631675939757824}