{"ccmode": "AoR", "para_num": 70, "xtx_ratio": 0.4, "interalltxs": 16557, "interdur": 81.47894835472107, "tps": 200.58288750405623, "latency_avg": 40.17317822085108, "workload_file": "./locals/output/workloads/AoR-70-500-40.json", "real time cost": 69.79658222198486, "deal time cost": 73.77483188500628, "ts_src_avg": 5.66549959557397, "ts_rly01_avg": 6.389234723533903, "ts_inter_avg": 21.351970398953984, "ts_rly02_avg": 1.592911528297833, "ts_dst_avg": 3.6267607612269264}