{"ccmode": "AoR", "para_num": 110, "xtx_ratio": 0.2, "interalltxs": 14695, "interdur": 74.4645516872406, "tps": 176.26847752621748, "latency_avg": 35.876608859105545, "workload_file": "./locals/output/workloads/AoR-110-500-20.json", "real time cost": 62.404805183410645, "deal time cost": 66.24813622003421, "ts_src_avg": 5.6735530701117085, "ts_rly01_avg": 7.995479557644237, "ts_inter_avg": 15.032998134222897, "ts_rly02_avg": 1.6553246715068817, "ts_dst_avg": 3.6309212510585787}