{"ccmode": "AoR", "para_num": 30, "xtx_ratio": 0.6, "interalltxs": 9767, "interdur": 60.549423933029175, "tps": 183.76116954216928, "latency_avg": 30.80154527680079, "workload_file": "./locals/output/workloads/AoR-30-500-60.json", "real time cost": 48.97661471366882, "deal time cost": 52.578619146952406, "ts_src_avg": 6.397017940468258, "ts_rly01_avg": 3.9896662334865995, "ts_inter_avg": 13.28664112302992, "ts_rly02_avg": 1.9467052828735776, "ts_dst_avg": 3.6699702762762705}