{"ccmode": "AoR", "para_num": 190, "xtx_ratio": 0.2, "interalltxs": 27364, "interdur": 116.2194275856018, "tps": 178.9287760118731, "latency_avg": 53.06321081392389, "workload_file": "./locals/output/workloads/AoR-190-500-20.json", "real time cost": 106.18750333786011, "deal time cost": 111.21873629803304, "ts_src_avg": 6.014079702465158, "ts_rly01_avg": 10.668042004673104, "ts_inter_avg": 29.388428864755127, "ts_rly02_avg": 1.647644360316427, "ts_dst_avg": 3.6650817989801108}