{"ccmode": "AoR", "para_num": 130, "xtx_ratio": 1.0, "interalltxs": 72392, "interdur": 287.00292468070984, "tps": 237.5310735534876, "latency_avg": 139.93888440201832, "workload_file": "./locals/output/workloads/AoR-130-500-100.json", "real time cost": 273.64840745925903, "deal time cost": 280.3434325309936, "ts_src_avg": 5.86701685496477, "ts_rly01_avg": 19.22401053641026, "ts_inter_avg": 107.92369963038885, "ts_rly02_avg": 1.5377437337471889, "ts_dst_avg": 3.632168182483086}