{"ccmode": "AoR", "para_num": 50, "xtx_ratio": 0.6, "interalltxs": 16876, "interdur": 85.74268984794617, "tps": 204.8502936811524, "latency_avg": 41.802107602103554, "workload_file": "./locals/output/workloads/AoR-50-500-60.json", "real time cost": 73.224205493927, "deal time cost": 77.13350909599103, "ts_src_avg": 5.9971632715861, "ts_rly01_avg": 7.24679143242836, "ts_inter_avg": 21.65712281443278, "ts_rly02_avg": 1.4946912955919902, "ts_dst_avg": 3.6702047114690144}