{"ccmode": "AoR", "para_num": 30, "xtx_ratio": 0.8, "interalltxs": 12929, "interdur": 72.15561318397522, "tps": 199.29237802767398, "latency_avg": 36.849418024679025, "workload_file": "./locals/output/workloads/AoR-30-500-80.json", "real time cost": 60.213040351867676, "deal time cost": 64.12676394800656, "ts_src_avg": 6.412385856111844, "ts_rly01_avg": 5.528612885773182, "ts_inter_avg": 17.93821841086944, "ts_rly02_avg": 1.8243024152716, "ts_dst_avg": 3.668617802361647}