{"ccmode": "AoR", "para_num": 120, "xtx_ratio": 0.2, "interalltxs": 16336, "interdur": 79.78682732582092, "tps": 175.0468187087531, "latency_avg": 38.3606170814236, "workload_file": "./locals/output/workloads/AoR-120-500-20.json", "real time cost": 68.55308818817139, "deal time cost": 73.2675274759531, "ts_src_avg": 5.867125391701857, "ts_rly01_avg": 9.428355620642503, "ts_inter_avg": 15.989692793746789, "ts_rly02_avg": 1.5802723384698232, "ts_dst_avg": 3.6774023181200026}