{"ccmode": "AoR", "para_num": 80, "xtx_ratio": 0.6, "interalltxs": 28592, "interdur": 126.16160583496094, "tps": 214.93114407900387, "latency_avg": 60.758274164627, "workload_file": "./locals/output/workloads/AoR-80-500-60.json", "real time cost": 111.66366839408875, "deal time cost": 116.16817629302386, "ts_src_avg": 5.640962590624889, "ts_rly01_avg": 13.005309022585552, "ts_inter_avg": 35.135838676353295, "ts_rly02_avg": 1.5770816780130068, "ts_dst_avg": 3.636123722612858}