{"ccmode": "AoR", "para_num": 190, "xtx_ratio": 0.6, "interalltxs": 72572, "interdur": 290.9774525165558, "tps": 205.2842225305156, "latency_avg": 127.80669862663537, "workload_file": "./locals/output/workloads/AoR-190-500-60.json", "real time cost": 277.66381311416626, "deal time cost": 284.37446633703075, "ts_src_avg": 5.920519381669529, "ts_rly01_avg": 21.796692768502652, "ts_inter_avg": 93.04004031472456, "ts_rly02_avg": 1.4805605979216727, "ts_dst_avg": 3.6350643340746562}