{"ccmode": "AoR", "para_num": 150, "xtx_ratio": 1.0, "interalltxs": 85421, "interdur": 338.35797691345215, "tps": 233.73639912690703, "latency_avg": 160.9551797471269, "workload_file": "./locals/output/workloads/AoR-150-500-100.json", "real time cost": 320.87428522109985, "deal time cost": 329.5565829681, "ts_src_avg": 5.658391537993749, "ts_rly01_avg": 25.4616164599514, "ts_inter_avg": 122.86513817427954, "ts_rly02_avg": 1.539470932296117, "ts_dst_avg": 3.6382069365310667}