{"ccmode": "AoR", "para_num": 70, "xtx_ratio": 1.0, "interalltxs": 40434, "interdur": 166.88407254219055, "tps": 227.6911975605805, "latency_avg": 81.97995964542116, "workload_file": "./locals/output/workloads/AoR-70-500-100.json", "real time cost": 153.716965675354, "deal time cost": 158.17000202205963, "ts_src_avg": 5.637281246403285, "ts_rly01_avg": 20.56959266796112, "ts_inter_avg": 48.969293421316145, "ts_rly02_avg": 1.567552630492619, "ts_dst_avg": 3.6543130071640015}