{"ccmode": "AoR", "para_num": 120, "xtx_ratio": 1.0, "interalltxs": 67312, "interdur": 267.4127051830292, "tps": 235.789712595103, "latency_avg": 130.27038865253527, "workload_file": "./locals/output/workloads/AoR-120-500-100.json", "real time cost": 254.46402788162231, "deal time cost": 261.14085981599055, "ts_src_avg": 5.68900491010348, "ts_rly01_avg": 20.623930788799125, "ts_inter_avg": 96.88645563056866, "ts_rly02_avg": 1.5083506458083789, "ts_dst_avg": 3.6402110115726787}