{"ccmode": "AoR", "para_num": 60, "xtx_ratio": 0.2, "interalltxs": 7323, "interdur": 52.55549216270447, "tps": 148.08746403604937, "latency_avg": 25.970576240857444, "workload_file": "./locals/output/workloads/AoR-60-500-20.json", "real time cost": 40.51659631729126, "deal time cost": 44.43668736307882, "ts_src_avg": 5.89090448864301, "ts_rly01_avg": 4.878454752405484, "ts_inter_avg": 8.28703218626976, "ts_rly02_avg": 1.8511236989498139, "ts_dst_avg": 3.569145333369573}