{"ccmode": "AoR", "para_num": 60, "xtx_ratio": 0.6, "interalltxs": 20607, "interdur": 96.78535985946655, "tps": 212.5005599436514, "latency_avg": 48.48281888071696, "workload_file": "./locals/output/workloads/AoR-60-500-60.json", "real time cost": 84.70565915107727, "deal time cost": 89.08955476398114, "ts_src_avg": 5.845798688689868, "ts_rly01_avg": 9.267290126959482, "ts_inter_avg": 26.55401639362176, "ts_rly02_avg": 1.6186866836018032, "ts_dst_avg": 3.6270095698568556}