{"ccmode": "AoR", "para_num": 190, "xtx_ratio": 0.4, "interalltxs": 47094, "interdur": 192.1060357093811, "tps": 208.5693709207705, "latency_avg": 92.09957514811816, "workload_file": "./locals/output/workloads/AoR-190-500-40.json", "real time cost": 182.19357824325562, "deal time cost": 187.47675498691387, "ts_src_avg": 5.851400621138121, "ts_rly01_avg": 19.544159986878697, "ts_inter_avg": 59.65286050951481, "ts_rly02_avg": 1.4774413368952901, "ts_dst_avg": 3.630371663601775}