{"ccmode": "AoR", "para_num": 90, "xtx_ratio": 0.8, "interalltxs": 41272, "interdur": 167.12020921707153, "tps": 229.39398681834925, "latency_avg": 83.74118942677974, "workload_file": "./locals/output/workloads/AoR-90-500-80.json", "real time cost": 156.93523836135864, "deal time cost": 161.65951785305515, "ts_src_avg": 5.722434246738752, "ts_rly01_avg": 17.43818695253134, "ts_inter_avg": 53.7229861469335, "ts_rly02_avg": 1.5426255299250284, "ts_dst_avg": 3.6463368690543705}