{"ccmode": "AoR", "para_num": 100, "xtx_ratio": 0.2, "interalltxs": 13302, "interdur": 73.685795545578, "tps": 160.77158881751123, "latency_avg": 33.251218177437785, "workload_file": "./locals/output/workloads/AoR-100-500-20.json", "real time cost": 62.20004463195801, "deal time cost": 66.11267694598064, "ts_src_avg": 5.597087480163574, "ts_rly01_avg": 7.00456862347126, "ts_inter_avg": 13.733481825733184, "ts_rly02_avg": 1.583061026263237, "ts_dst_avg": 3.616310406732559}