{"ccmode": "AoR", "para_num": 20, "xtx_ratio": 0.8, "interalltxs": 8482, "interdur": 58.079224824905396, "tps": 172.83464222185617, "latency_avg": 31.33611550194025, "workload_file": "./locals/output/workloads/AoR-20-500-80.json", "real time cost": 46.28701686859131, "deal time cost": 49.836299199960195, "ts_src_avg": 6.620563071787357, "ts_rly01_avg": 4.882052696168422, "ts_inter_avg": 12.347729829847813, "ts_rly02_avg": 2.0558960027992725, "ts_dst_avg": 3.740430229127407}