{"ccmode": "AoR", "para_num": 80, "xtx_ratio": 1.0, "interalltxs": 46242, "interdur": 185.93779683113098, "tps": 230.82168458392167, "latency_avg": 91.8491132376492, "workload_file": "./locals/output/workloads/AoR-80-500-100.json", "real time cost": 173.29394364356995, "deal time cost": 178.42471943504643, "ts_src_avg": 5.648593336504698, "ts_rly01_avg": 21.65819993649125, "ts_inter_avg": 57.66773618397713, "ts_rly02_avg": 1.5698896341204642, "ts_dst_avg": 3.6465655991613866}