{"ccmode": "AoR", "para_num": 200, "xtx_ratio": 0.2, "interalltxs": 28249, "interdur": 119.79181742668152, "tps": 183.62629772906962, "latency_avg": 55.873671001982686, "workload_file": "./locals/output/workloads/AoR-200-500-20.json", "real time cost": 108.91686129570007, "deal time cost": 113.21536437503528, "ts_src_avg": 6.122218938875198, "ts_rly01_avg": 11.154647365307808, "ts_inter_avg": 31.402943767940997, "ts_rly02_avg": 1.6348667970299722, "ts_dst_avg": 3.642141953146458}