{"ccmode": "AoR", "para_num": 10, "xtx_ratio": 0.6, "interalltxs": 3172, "interdur": 42.60508131980896, "tps": 96.53215234373081, "latency_avg": 23.4024307958285, "workload_file": "./locals/output/workloads/AoR-10-500-60.json", "real time cost": 31.077728271484375, "deal time cost": 34.401825316017494, "ts_src_avg": 6.748327117125193, "ts_rly01_avg": 3.4609818669954935, "ts_inter_avg": 4.989940744161606, "ts_rly02_avg": 2.3550706838766735, "ts_dst_avg": 3.8550601437091827}