{"ccmode": "AoR", "para_num": 100, "xtx_ratio": 0.8, "interalltxs": 45302, "interdur": 182.48006296157837, "tps": 231.55875952087328, "latency_avg": 91.76336198232174, "workload_file": "./locals/output/workloads/AoR-100-500-80.json", "real time cost": 172.74233150482178, "deal time cost": 178.006598521024, "ts_src_avg": 5.663926138913632, "ts_rly01_avg": 18.20814886211753, "ts_inter_avg": 60.98693761447072, "ts_rly02_avg": 1.5882346562623977, "ts_dst_avg": 3.622561494719982}