{"ccmode": "AoR", "para_num": 100, "xtx_ratio": 0.6, "interalltxs": 36302, "interdur": 148.26096558570862, "tps": 222.49289934929575, "latency_avg": 71.17331357851823, "workload_file": "./locals/output/workloads/AoR-100-500-60.json", "real time cost": 134.83576369285583, "deal time cost": 140.23617001099046, "ts_src_avg": 5.737478952797254, "ts_rly01_avg": 11.239196535436312, "ts_inter_avg": 47.1045588212649, "ts_rly02_avg": 1.6056789520661037, "ts_dst_avg": 3.6240592247962953}