{"ccmode": "AoR", "para_num": 90, "xtx_ratio": 1.0, "interalltxs": 51272, "interdur": 204.95568418502808, "tps": 236.1980978925317, "latency_avg": 101.61186922971937, "workload_file": "./locals/output/workloads/AoR-90-500-100.json", "real time cost": 190.51804566383362, "deal time cost": 197.3258676789701, "ts_src_avg": 5.650836867374844, "ts_rly01_avg": 22.4110779132896, "ts_inter_avg": 66.52331097228262, "ts_rly02_avg": 1.5811590974224938, "ts_dst_avg": 3.662328485642539}