{"ccmode": "AoR", "para_num": 150, "xtx_ratio": 0.8, "interalltxs": 69451, "interdur": 275.90616965293884, "tps": 228.79543765433095, "latency_avg": 129.9036020422379, "workload_file": "./locals/output/workloads/AoR-150-500-80.json", "real time cost": 262.24299144744873, "deal time cost": 268.24591509101447, "ts_src_avg": 5.603461412016551, "ts_rly01_avg": 19.282399487801392, "ts_inter_avg": 98.09673576603333, "ts_rly02_avg": 1.54401440778176, "ts_dst_avg": 3.6339931034564974}