{"ccmode": "AoR", "para_num": 130, "xtx_ratio": 0.6, "interalltxs": 45341, "interdur": 183.94327807426453, "tps": 224.61295332527104, "latency_avg": 89.7396673987034, "workload_file": "./locals/output/workloads/AoR-130-500-60.json", "real time cost": 173.63201642036438, "deal time cost": 178.86476320098154, "ts_src_avg": 5.640545109186417, "ts_rly01_avg": 12.192678602475386, "ts_inter_avg": 65.00967307372582, "ts_rly02_avg": 1.585072174139512, "ts_dst_avg": 3.637959691224954}