{"ccmode": "AoR", "para_num": 10, "xtx_ratio": 1.0, "interalltxs": 5198, "interdur": 50.14768075942993, "tps": 134.21683637071263, "latency_avg": 25.83332948560715, "workload_file": "./locals/output/workloads/AoR-10-500-100.json", "real time cost": 37.25315046310425, "deal time cost": 41.3773213759996, "ts_src_avg": 6.701935382127762, "ts_rly01_avg": 4.61560493144989, "ts_inter_avg": 6.244346102237701, "ts_rly02_avg": 2.7259162569999695, "ts_dst_avg": 3.908993194055557}