{"ccmode": "AoR", "para_num": 200, "xtx_ratio": 0.6, "interalltxs": 73239, "interdur": 293.36165142059326, "tps": 217.34134558085628, "latency_avg": 137.6656293009162, "workload_file": "./locals/output/workloads/AoR-200-500-60.json", "real time cost": 276.0634422302246, "deal time cost": 283.64876612403896, "ts_src_avg": 5.778120934267839, "ts_rly01_avg": 31.064008835597832, "ts_inter_avg": 93.61054715166092, "ts_rly02_avg": 1.6012796189785004, "ts_dst_avg": 3.6376329582810403}