{"ccmode": "AoR", "para_num": 80, "xtx_ratio": 0.2, "interalltxs": 10162, "interdur": 61.816187143325806, "tps": 158.25067651246053, "latency_avg": 29.49951312971115, "workload_file": "./locals/output/workloads/AoR-80-500-20.json", "real time cost": 50.552706480026245, "deal time cost": 54.52870433102362, "ts_src_avg": 5.743731923609972, "ts_rly01_avg": 5.5039702393710614, "ts_inter_avg": 11.29980104649067, "ts_rly02_avg": 1.6675845926702022, "ts_dst_avg": 3.651002288579941}