{"ccmode": "AoR", "para_num": 60, "xtx_ratio": 0.8, "interalltxs": 27283, "interdur": 120.95552778244019, "tps": 224.97613305102533, "latency_avg": 59.32249232974648, "workload_file": "./locals/output/workloads/AoR-60-500-80.json", "real time cost": 106.67798256874084, "deal time cost": 111.23489903006703, "ts_src_avg": 5.814351035614808, "ts_rly01_avg": 13.156836406320334, "ts_inter_avg": 33.685126095165806, "ts_rly02_avg": 1.5634524965385597, "ts_dst_avg": 3.6404877951443195}