{"ccmode": "AoR", "para_num": 60, "xtx_ratio": 1.0, "interalltxs": 33932, "interdur": 142.90697026252747, "tps": 231.4444160946708, "latency_avg": 71.52367878977458, "workload_file": "./locals/output/workloads/AoR-60-500-100.json", "real time cost": 129.62075519561768, "deal time cost": 133.75858219503425, "ts_src_avg": 5.840279855632782, "ts_rly01_avg": 17.385364193431535, "ts_inter_avg": 41.6210529245774, "ts_rly02_avg": 1.6356008846998216, "ts_dst_avg": 3.6386810199101767}