{"ccmode": "AoR", "para_num": 140, "xtx_ratio": 0.6, "interalltxs": 50371, "interdur": 203.35482001304626, "tps": 221.42571545295627, "latency_avg": 94.85669175354072, "workload_file": "./locals/output/workloads/AoR-140-500-60.json", "real time cost": 189.67986583709717, "deal time cost": 195.22563490411267, "ts_src_avg": 5.729114717137246, "ts_rly01_avg": 11.242862506440707, "ts_inter_avg": 70.92487108924843, "ts_rly02_avg": 1.5668846117201305, "ts_dst_avg": 3.628311640489669}