{"ccmode": "AoR", "para_num": 140, "xtx_ratio": 0.4, "interalltxs": 36178, "interdur": 149.51599311828613, "tps": 200.24480229574482, "latency_avg": 68.17375057199172, "workload_file": "./locals/output/workloads/AoR-140-500-40.json", "real time cost": 139.82884788513184, "deal time cost": 145.30554346798453, "ts_src_avg": 5.709616423036371, "ts_rly01_avg": 8.945396969769682, "ts_inter_avg": 46.612288445966584, "ts_rly02_avg": 1.5923715486696788, "ts_dst_avg": 3.611847812584468}