{"ccmode": "AoR", "para_num": 130, "xtx_ratio": 0.4, "interalltxs": 34260, "interdur": 142.31119871139526, "tps": 197.88406993329207, "latency_avg": 64.00936191511154, "workload_file": "./locals/output/workloads/AoR-130-500-40.json", "real time cost": 131.39006090164185, "deal time cost": 137.92754001403227, "ts_src_avg": 5.758262982561038, "ts_rly01_avg": 8.41138442311837, "ts_inter_avg": 42.76532093346119, "ts_rly02_avg": 1.5573090191804446, "ts_dst_avg": 3.627918330192566}