{"ccmode": "AoR", "para_num": 20, "xtx_ratio": 0.4, "interalltxs": 4342, "interdur": 42.796526193618774, "tps": 125.35209479691201, "latency_avg": 23.5277639875412, "workload_file": "./locals/output/workloads/AoR-20-500-40.json", "real time cost": 31.91011691093445, "deal time cost": 35.54821418400388, "ts_src_avg": 6.582309681475163, "ts_rly01_avg": 3.5642490790486336, "ts_inter_avg": 6.046920915067196, "ts_rly02_avg": 1.9864698850512506, "ts_dst_avg": 3.7299884809851647}