{"ccmode": "AoR", "para_num": 160, "xtx_ratio": 0.2, "interalltxs": 23332, "interdur": 100.24032759666443, "tps": 177.83902758973431, "latency_avg": 46.27159021091461, "workload_file": "./locals/output/workloads/AoR-160-500-20.json", "real time cost": 89.96900296211243, "deal time cost": 93.33866779995151, "ts_src_avg": 5.5894675298929215, "ts_rly01_avg": 9.807286154672504, "ts_inter_avg": 23.77807610167563, "ts_rly02_avg": 1.6779258766621352, "ts_dst_avg": 3.6275321156382563}