{"ccmode": "AoR", "para_num": 60, "xtx_ratio": 0.4, "interalltxs": 13892, "interdur": 72.18587279319763, "tps": 200.3484803010493, "latency_avg": 36.095843085706235, "workload_file": "./locals/output/workloads/AoR-60-500-40.json", "real time cost": 59.89563775062561, "deal time cost": 63.753334744949825, "ts_src_avg": 5.809749609410763, "ts_rly01_avg": 5.452099401513736, "ts_inter_avg": 18.16318046828111, "ts_rly02_avg": 1.631004214167595, "ts_dst_avg": 3.6224597984751066}