{"ccmode": "AoR", "para_num": 160, "xtx_ratio": 1.0, "interalltxs": 90453, "interdur": 358.52886939048767, "tps": 232.3462348741036, "latency_avg": 174.03429191419184, "workload_file": "./locals/output/workloads/AoR-160-500-100.json", "real time cost": 344.3137352466583, "deal time cost": 352.28988992993254, "ts_src_avg": 5.610356833323836, "ts_rly01_avg": 33.87322880470753, "ts_inter_avg": 127.72037664611638, "ts_rly02_avg": 1.5181780198961496, "ts_dst_avg": 3.6266516944408416}