{"ccmode": "AoR", "para_num": 180, "xtx_ratio": 0.4, "interalltxs": 47542, "interdur": 194.06761169433594, "tps": 199.69150808039004, "latency_avg": 85.62149109348987, "workload_file": "./locals/output/workloads/AoR-180-500-40.json", "real time cost": 180.278071641922, "deal time cost": 186.6215953619685, "ts_src_avg": 5.909313903729121, "ts_rly01_avg": 15.000551411456533, "ts_inter_avg": 57.540071374820336, "ts_rly02_avg": 1.620510781182183, "ts_dst_avg": 3.6236201428506107}