{"ccmode": "AoR", "para_num": 140, "xtx_ratio": 1.0, "interalltxs": 79422, "interdur": 314.9887320995331, "tps": 233.2639057383014, "latency_avg": 149.79801225751808, "workload_file": "./locals/output/workloads/AoR-140-500-100.json", "real time cost": 300.0892906188965, "deal time cost": 306.80036485905293, "ts_src_avg": 5.728469136490141, "ts_rly01_avg": 19.561081649739403, "ts_inter_avg": 117.52968172667026, "ts_rly02_avg": 1.5260378487586974, "ts_dst_avg": 3.6344394575800214}