{"ccmode": "AoR", "para_num": 40, "xtx_ratio": 0.2, "interalltxs": 4723, "interdur": 45.59509897232056, "tps": 123.27961405931484, "latency_avg": 23.12945607185364, "workload_file": "./locals/output/workloads/AoR-40-500-20.json", "real time cost": 32.44656491279602, "deal time cost": 36.3836590310093, "ts_src_avg": 6.246803251862526, "ts_rly01_avg": 3.475441100358963, "ts_inter_avg": 6.295428129315376, "ts_rly02_avg": 1.9470536953806876, "ts_dst_avg": 3.593071133315563}