{"ccmode": "AoR", "para_num": 110, "xtx_ratio": 1.0, "interalltxs": 61287, "interdur": 243.55048203468323, "tps": 239.16997026202762, "latency_avg": 119.73350749854607, "workload_file": "./locals/output/workloads/AoR-110-500-100.json", "real time cost": 229.961980342865, "deal time cost": 236.8145845179679, "ts_src_avg": 5.645519201794538, "ts_rly01_avg": 19.168168285859714, "ts_inter_avg": 87.90893745478283, "ts_rly02_avg": 1.5207625641215932, "ts_dst_avg": 3.631360689158873}