{"ccmode": "AoR", "para_num": 170, "xtx_ratio": 0.8, "interalltxs": 80497, "interdur": 320.26015639305115, "tps": 222.20941328611005, "latency_avg": 146.9719611200515, "workload_file": "./locals/output/workloads/AoR-170-500-80.json", "real time cost": 306.01763892173767, "deal time cost": 314.1082910639234, "ts_src_avg": 5.917498367867049, "ts_rly01_avg": 20.634447244605596, "ts_inter_avg": 113.39401695593665, "ts_rly02_avg": 1.5254151633942827, "ts_dst_avg": 3.6345939045934115}