{"ccmode": "AoR", "para_num": 160, "xtx_ratio": 0.4, "interalltxs": 41479, "interdur": 169.65991163253784, "tps": 199.8299305649659, "latency_avg": 76.36205548834056, "workload_file": "./locals/output/workloads/AoR-160-500-40.json", "real time cost": 160.13617134094238, "deal time cost": 164.77521777304355, "ts_src_avg": 5.87507654235512, "ts_rly01_avg": 12.014876133970917, "ts_inter_avg": 51.413588522329924, "ts_rly02_avg": 1.5133679289966822, "ts_dst_avg": 3.6241964127123354}