{"ccmode": "AoR", "para_num": 140, "xtx_ratio": 0.2, "interalltxs": 19923, "interdur": 92.93574643135071, "tps": 172.57688894353538, "latency_avg": 42.48987745114735, "workload_file": "./locals/output/workloads/AoR-140-500-20.json", "real time cost": 81.12326097488403, "deal time cost": 85.19335278891958, "ts_src_avg": 5.764523935198784, "ts_rly01_avg": 9.743350155574936, "ts_inter_avg": 19.981612249153002, "ts_rly02_avg": 1.553341196843556, "ts_dst_avg": 3.667103300043515}