{"ccmode": "AoR", "para_num": 150, "xtx_ratio": 0.4, "interalltxs": 39451, "interdur": 162.1526198387146, "tps": 197.1313693086796, "latency_avg": 72.0281572587808, "workload_file": "./locals/output/workloads/AoR-150-500-40.json", "real time cost": 152.18278098106384, "deal time cost": 156.59407483099494, "ts_src_avg": 5.784644863979022, "ts_rly01_avg": 11.367357629450161, "ts_inter_avg": 48.04041137007872, "ts_rly02_avg": 1.5412416189034779, "ts_dst_avg": 3.6378650063435236}