{"ccmode": "AoR", "para_num": 180, "xtx_ratio": 0.2, "interalltxs": 25461, "interdur": 108.1313157081604, "tps": 183.62037856357253, "latency_avg": 50.723464760025344, "workload_file": "./locals/output/workloads/AoR-180-500-20.json", "real time cost": 98.0283350944519, "deal time cost": 102.39247153501492, "ts_src_avg": 5.931923836350441, "ts_rly01_avg": 10.771752889858352, "ts_inter_avg": 26.846504003591008, "ts_rly02_avg": 1.510296317683326, "ts_dst_avg": 3.65622819881969}