{"ccmode": "AoR", "para_num": 30, "xtx_ratio": 1.0, "interalltxs": 16095, "interdur": 83.82214689254761, "tps": 204.78036254980353, "latency_avg": 41.77077304417292, "workload_file": "./locals/output/workloads/AoR-30-500-100.json", "real time cost": 73.24921107292175, "deal time cost": 76.72123122494668, "ts_src_avg": 6.420001373593013, "ts_rly01_avg": 6.8730951234499615, "ts_inter_avg": 21.372283374087015, "ts_rly02_avg": 1.9326327554384868, "ts_dst_avg": 3.6798431488513947}