{"ccmode": "AoR", "para_num": 120, "xtx_ratio": 0.8, "interalltxs": 54307, "interdur": 218.01821947097778, "tps": 234.87902310474868, "latency_avg": 107.23715567125876, "workload_file": "./locals/output/workloads/AoR-120-500-80.json", "real time cost": 204.36052298545837, "deal time cost": 210.1925889600534, "ts_src_avg": 5.637218837454915, "ts_rly01_avg": 15.664353389869135, "ts_inter_avg": 78.80699153413872, "ts_rly02_avg": 1.5406616597721974, "ts_dst_avg": 3.6385640958994627}