{"ccmode": "AoR", "para_num": 120, "xtx_ratio": 0.6, "interalltxs": 42276, "interdur": 171.29451894760132, "tps": 228.627181728061, "latency_avg": 82.26720371710591, "workload_file": "./locals/output/workloads/AoR-120-500-60.json", "real time cost": 157.46159195899963, "deal time cost": 161.845313468948, "ts_src_avg": 5.552125959144698, "ts_rly01_avg": 10.290902568684684, "ts_inter_avg": 59.24039719851812, "ts_rly02_avg": 1.546586910393503, "ts_dst_avg": 3.6333631746768953}