{"ccmode": "AoR", "para_num": 10, "xtx_ratio": 0.2, "interalltxs": 1157, "interdur": 39.1381413936615, "tps": 37.88457017926349, "latency_avg": 19.64831132006645, "workload_file": "./locals/output/workloads/AoR-10-500-20.json", "real time cost": 26.395970582962036, "deal time cost": 30.380209796945564, "ts_src_avg": 6.672893657684326, "ts_rly01_avg": 1.8709075288772583, "ts_inter_avg": 4.216637144804001, "ts_rly02_avg": 2.002270372390747, "ts_dst_avg": 3.8262744438648224}