{"ccmode": "AoR", "para_num": 180, "xtx_ratio": 0.6, "interalltxs": 65499, "interdur": 261.99788069725037, "tps": 217.95350905221977, "latency_avg": 123.15656505410318, "workload_file": "./locals/output/workloads/AoR-180-500-60.json", "real time cost": 247.75925946235657, "deal time cost": 255.5440226990031, "ts_src_avg": 6.004125650450035, "ts_rly01_avg": 27.668281018853186, "ts_inter_avg": 82.34988998258113, "ts_rly02_avg": 1.4819208405459368, "ts_dst_avg": 3.6406823865881672}