{"ccmode": "AoR", "para_num": 20, "xtx_ratio": 1.0, "interalltxs": 10572, "interdur": 67.79463696479797, "tps": 179.89709465375492, "latency_avg": 34.2394068662405, "workload_file": "./locals/output/workloads/AoR-20-500-100.json", "real time cost": 55.587334632873535, "deal time cost": 59.65116109792143, "ts_src_avg": 6.578086013293266, "ts_rly01_avg": 5.383118418431282, "ts_inter_avg": 14.876608980226516, "ts_rly02_avg": 1.967428249001503, "ts_dst_avg": 3.731423098731041}