{"ccmode": "AoR", "para_num": 170, "xtx_ratio": 0.6, "interalltxs": 62510, "interdur": 251.24884033203125, "tps": 212.76789784411739, "latency_avg": 113.73570862079134, "workload_file": "./locals/output/workloads/AoR-170-500-60.json", "real time cost": 239.69781398773193, "deal time cost": 246.98007017700002, "ts_src_avg": 5.781516100617016, "ts_rly01_avg": 16.495384102844724, "ts_inter_avg": 84.46989559240434, "ts_rly02_avg": 1.5606457312621322, "ts_dst_avg": 3.63142024361386}