{"ccmode": "AoR", "para_num": 110, "xtx_ratio": 0.6, "interalltxs": 39296, "interdur": 160.02844834327698, "tps": 218.7038890828532, "latency_avg": 76.6207253383362, "workload_file": "./locals/output/workloads/AoR-110-500-60.json", "real time cost": 150.8889491558075, "deal time cost": 155.0236254510237, "ts_src_avg": 5.800117213437051, "ts_rly01_avg": 9.643323942639611, "ts_inter_avg": 54.08468935525779, "ts_rly02_avg": 1.5593676612955152, "ts_dst_avg": 3.631977470145081}