{"ccmode": "NoR", "para_num": 80, "xtx_ratio": 0.4, "interalltxs": 0, "interdur": 0, "tps": 222.64581269175804, "latency_avg": 41.354014881923796, "workload_file": "./locals/output/workloads/NoR-80-500-40.json", "real time cost": 71.86301779747009, "deal time cost": 77.91455779701937, "ts_src_avg": 9.879955778554082, "ts_rly_avg": 12.714410877794027, "ts_dst_avg": 17.924172569170594}