{"ccmode": "NoR", "para_num": 100, "xtx_ratio": 0.2, "interalltxs": 0, "interdur": 0, "tps": 118.7162403755357, "latency_avg": 45.292071783232686, "workload_file": "./locals/output/workloads/NoR-100-500-20.json", "real time cost": 84.23447346687317, "deal time cost": 90.58493822603486, "ts_src_avg": 8.457027382493019, "ts_rly_avg": 14.295843181300164, "ts_dst_avg": 21.664205044221877}