{"ccmode": "NoR", "para_num": 60, "xtx_ratio": 0.2, "interalltxs": 0, "interdur": 0, "tps": 121.72504330880216, "latency_avg": 30.38237352458636, "workload_file": "./locals/output/workloads/NoR-60-500-20.json", "real time cost": 49.29141807556152, "deal time cost": 54.68372762994841, "ts_src_avg": 9.207542766094209, "ts_rly_avg": 9.209697869141896, "ts_dst_avg": 11.024301123420397}