{"ccmode": "NoR", "para_num": 40, "xtx_ratio": 1.0, "interalltxs": 0, "interdur": 0, "tps": 417.5744901784021, "latency_avg": 28.033839705610276, "workload_file": "./locals/output/workloads/NoR-40-500-100.json", "real time cost": 47.89564609527588, "deal time cost": 53.64814840001054, "ts_src_avg": 8.45967790107727, "ts_rly_avg": 7.210885341846943, "ts_dst_avg": 11.360373892223835}