{"ccmode": "NoR", "para_num": 150, "xtx_ratio": 0.4, "interalltxs": 0, "interdur": 0, "tps": 154.12910969272497, "latency_avg": 86.44140638326805, "workload_file": "./locals/output/workloads/NoR-150-500-40.json", "real time cost": 194.64201188087463, "deal time cost": 202.9074970179936, "ts_src_avg": 9.282853030927976, "ts_rly_avg": 26.4644429809014, "ts_dst_avg": 49.54577647815545}