{"ccmode": "NoR", "para_num": 140, "xtx_ratio": 0.4, "interalltxs": 0, "interdur": 0, "tps": 162.76995964095974, "latency_avg": 78.53619063994714, "workload_file": "./locals/output/workloads/NoR-140-500-40.json", "real time cost": 172.02191400527954, "deal time cost": 179.26191971299704, "ts_src_avg": 9.148661557461534, "ts_rly_avg": 24.385731183230877, "ts_dst_avg": 43.917694434676854}