{"ccmode": "NoR", "para_num": 180, "xtx_ratio": 0.8, "interalltxs": 0, "interdur": 0, "tps": 64.80965738224461, "latency_avg": 172.06443707592288, "workload_file": "./locals/output/workloads/NoR-180-500-80.json", "real time cost": 1110.9455428123474, "deal time cost": 1130.0750937990379, "ts_src_avg": 15.70265880461865, "ts_rly_avg": 50.1411494762467, "ts_dst_avg": 103.47461236059665}