{"ccmode": "NoR", "para_num": 20, "xtx_ratio": 0.6, "interalltxs": 0, "interdur": 0, "tps": 201.1275593852733, "latency_avg": 19.69711382297675, "workload_file": "./locals/output/workloads/NoR-20-500-60.json", "real time cost": 29.831814289093018, "deal time cost": 33.46513641497586, "ts_src_avg": 7.749050952911377, "ts_rly_avg": 4.835194664478302, "ts_dst_avg": 6.289281579415004}