{"ccmode": "NoR", "para_num": 190, "xtx_ratio": 1.0, "interalltxs": 0, "interdur": 0, "tps": 116.50481061852237, "latency_avg": 175.98162911010292, "workload_file": "./locals/output/workloads/NoR-190-500-100.json", "real time cost": 815.4169728755951, "deal time cost": 838.2500292930054, "ts_src_avg": 14.281408829445589, "ts_rly_avg": 51.918957434764664, "ts_dst_avg": 107.1106217162082}