{"ccmode": "NoR", "para_num": 180, "xtx_ratio": 0.2, "interalltxs": 0, "interdur": 0, "tps": 32.84199155302664, "latency_avg": 140.26852510579428, "workload_file": "./locals/output/workloads/NoR-180-500-20.json", "real time cost": 548.0788207054138, "deal time cost": 556.3134459579596, "ts_src_avg": 13.545166738245221, "ts_rly_avg": 39.58796359560225, "ts_dst_avg": 85.9135313861635}