{"ccmode": "NoR", "para_num": 140, "xtx_ratio": 0.8, "interalltxs": 0, "interdur": 0, "tps": 305.55775693874926, "latency_avg": 83.3335497356866, "workload_file": "./locals/output/workloads/NoR-140-500-80.json", "real time cost": 183.2714068889618, "deal time cost": 193.12941327597946, "ts_src_avg": 9.163572872770684, "ts_rly_avg": 25.78682372611761, "ts_dst_avg": 47.3345795697953}