{"ccmode": "NoR", "para_num": 20, "xtx_ratio": 1.0, "interalltxs": 0, "interdur": 0, "tps": 277.51030769547134, "latency_avg": 22.287990761256218, "workload_file": "./locals/output/workloads/NoR-20-500-100.json", "real time cost": 36.03469753265381, "deal time cost": 40.42771326901857, "ts_src_avg": 7.73344054350853, "ts_rly_avg": 5.49453746407032, "ts_dst_avg": 8.244908824253082}