{"ccmode": "NoR", "para_num": 170, "xtx_ratio": 1.0, "interalltxs": 0, "interdur": 0, "tps": 139.96510846469462, "latency_avg": 129.15693174368354, "workload_file": "./locals/output/workloads/NoR-170-500-100.json", "real time cost": 607.2942101955414, "deal time cost": 626.7984300920507, "ts_src_avg": 11.688286393852795, "ts_rly_avg": 38.49766221013069, "ts_dst_avg": 76.80994999751765}