{"ccmode": "NoR", "para_num": 10, "xtx_ratio": 1.0, "interalltxs": 0, "interdur": 0, "tps": 160.7239555227121, "latency_avg": 21.076137778520582, "workload_file": "./locals/output/workloads/NoR-10-500-100.json", "real time cost": 31.10923933982849, "deal time cost": 35.28581497306004, "ts_src_avg": 7.301170026922226, "ts_rly_avg": 4.984186608123779, "ts_dst_avg": 7.915049894952774}