{"ccmode": "NoR", "para_num": 150, "xtx_ratio": 0.8, "interalltxs": 0, "interdur": 0, "tps": 289.3947475815317, "latency_avg": 94.36516735444863, "workload_file": "./locals/output/workloads/NoR-150-500-80.json", "real time cost": 207.32926392555237, "deal time cost": 219.37513855402358, "ts_src_avg": 9.638682861701648, "ts_rly_avg": 29.012081781740985, "ts_dst_avg": 54.49817384084861}