{"ccmode": "NoR", "para_num": 90, "xtx_ratio": 1.0, "interalltxs": 0, "interdur": 0, "tps": 437.39569631744035, "latency_avg": 51.40258234805001, "workload_file": "./locals/output/workloads/NoR-90-500-100.json", "real time cost": 102.88167071342468, "deal time cost": 108.78061672404874, "ts_src_avg": 9.851237890164057, "ts_rly_avg": 15.132482371611065, "ts_dst_avg": 25.529210679218505}