{"ccmode": "NoR", "para_num": 90, "xtx_ratio": 0.2, "interalltxs": 0, "interdur": 0, "tps": 116.55455544110012, "latency_avg": 43.81519265143076, "workload_file": "./locals/output/workloads/NoR-90-500-20.json", "real time cost": 77.21705913543701, "deal time cost": 83.12059000099543, "ts_src_avg": 9.392886922491922, "ts_rly_avg": 13.758378286335203, "ts_dst_avg": 19.736547933154636}