{"ccmode": "NoR", "para_num": 130, "xtx_ratio": 0.2, "interalltxs": 0, "interdur": 0, "tps": 100.30419869742468, "latency_avg": 63.82578929846103, "workload_file": "./locals/output/workloads/NoR-130-500-20.json", "real time cost": 129.60574102401733, "deal time cost": 135.41372220707126, "ts_src_avg": 8.663428605648187, "ts_rly_avg": 19.6963803426119, "ts_dst_avg": 34.52559994992843}