{"ccmode": "NoR", "para_num": 200, "xtx_ratio": 0.4, "interalltxs": 0, "interdur": 0, "tps": 42.70179264203006, "latency_avg": 187.63521511595846, "workload_file": "./locals/output/workloads/NoR-200-500-40.json", "real time cost": 936.7288239002228, "deal time cost": 953.4999981060391, "ts_src_avg": 14.77404142023325, "ts_rly_avg": 52.365585102719066, "ts_dst_avg": 118.77152972485423}