{"ccmode": "NoR", "para_num": 170, "xtx_ratio": 0.8, "interalltxs": 0, "interdur": 0, "tps": 128.7812068683682, "latency_avg": 137.03327163995365, "workload_file": "./locals/output/workloads/NoR-170-500-80.json", "real time cost": 528.0273547172546, "deal time cost": 544.2553287820192, "ts_src_avg": 12.485186141511972, "ts_rly_avg": 40.42975854467995, "ts_dst_avg": 82.36232576489799}