{"ccmode": "NoR", "para_num": 70, "xtx_ratio": 0.6, "interalltxs": 0, "interdur": 0, "tps": 334.0914789763233, "latency_avg": 37.436754817145214, "workload_file": "./locals/output/workloads/NoR-70-500-60.json", "real time cost": 62.857035636901855, "deal time cost": 68.75188932090532, "ts_src_avg": 9.597883904956635, "ts_rly_avg": 10.978750432956787, "ts_dst_avg": 15.99030094527063}