{"ccmode": "NoR", "para_num": 190, "xtx_ratio": 0.2, "interalltxs": 0, "interdur": 0, "tps": 14.50927282081269, "latency_avg": 171.57986566472053, "workload_file": "./locals/output/workloads/NoR-190-500-20.json", "real time cost": 1309.5073912143707, "deal time cost": 1322.8466993550537, "ts_src_avg": 16.04776608891236, "ts_rly_avg": 47.45283913143057, "ts_dst_avg": 106.80555268562468}