{"ccmode": "NoR", "para_num": 40, "xtx_ratio": 0.2, "interalltxs": 0, "interdur": 0, "tps": 119.70638557169406, "latency_avg": 22.922438876986504, "workload_file": "./locals/output/workloads/NoR-40-500-20.json", "real time cost": 33.41509294509888, "deal time cost": 38.411083162995055, "ts_src_avg": 8.455863200485707, "ts_rly_avg": 6.412757447004318, "ts_dst_avg": 7.080625285029411}