{"ccmode": "NoR", "para_num": 30, "xtx_ratio": 1.0, "interalltxs": 0, "interdur": 0, "tps": 367.7282837965026, "latency_avg": 24.87654808160464, "workload_file": "./locals/output/workloads/NoR-30-500-100.json", "real time cost": 40.790987968444824, "deal time cost": 46.45130649302155, "ts_src_avg": 8.169658999538422, "ts_rly_avg": 6.209945065609614, "ts_dst_avg": 9.857229233471552}