{"ccmode": "NoR", "para_num": 20, "xtx_ratio": 0.8, "interalltxs": 0, "interdur": 0, "tps": 242.169120887105, "latency_avg": 21.01142369607091, "workload_file": "./locals/output/workloads/NoR-20-500-80.json", "real time cost": 33.034765005111694, "deal time cost": 37.41508294804953, "ts_src_avg": 7.74459305614233, "ts_rly_avg": 5.1726954815089705, "ts_dst_avg": 7.2655219916403295}