{"ccmode": "NoR", "para_num": 120, "xtx_ratio": 0.4, "interalltxs": 0, "interdur": 0, "tps": 204.19923001194667, "latency_avg": 58.01093270552158, "workload_file": "./locals/output/workloads/NoR-120-500-40.json", "real time cost": 117.53227472305298, "deal time cost": 123.66757335595321, "ts_src_avg": 8.373142019023497, "ts_rly_avg": 17.734550942867994, "ts_dst_avg": 30.806018629888694}