{"ccmode": "NoR", "para_num": 40, "xtx_ratio": 0.6, "interalltxs": 0, "interdur": 0, "tps": 305.94402917500526, "latency_avg": 25.330500914951166, "workload_file": "./locals/output/workloads/NoR-40-500-60.json", "real time cost": 39.22286057472229, "deal time cost": 44.62423149996903, "ts_src_avg": 8.488727615018686, "ts_rly_avg": 6.718802662253379, "ts_dst_avg": 9.152910615801812}