{"ccmode": "NoR", "para_num": 200, "xtx_ratio": 0.6, "interalltxs": 0, "interdur": 0, "tps": 67.95293083847763, "latency_avg": 179.96798289826313, "workload_file": "./locals/output/workloads/NoR-200-500-60.json", "real time cost": 882.964123249054, "deal time cost": 900.7376744190005, "ts_src_avg": 13.93684465150833, "ts_rly_avg": 51.96644356948535, "ts_dst_avg": 111.91840372771422}