{"ccmode": "NoR", "para_num": 10, "xtx_ratio": 0.6, "interalltxs": 0, "interdur": 0, "tps": 118.41217005939716, "latency_avg": 18.617882369041443, "workload_file": "./locals/output/workloads/NoR-10-500-60.json", "real time cost": 25.335233688354492, "deal time cost": 29.243560794973746, "ts_src_avg": 7.297957816123962, "ts_rly_avg": 4.309785259485245, "ts_dst_avg": 6.1353673595587415}