{"ccmode": "NoR", "para_num": 60, "xtx_ratio": 1.0, "interalltxs": 0, "interdur": 0, "tps": 471.3206301640226, "latency_avg": 35.55530935906569, "workload_file": "./locals/output/workloads/NoR-60-500-100.json", "real time cost": 63.65093755722046, "deal time cost": 70.16171538899653, "ts_src_avg": 9.201224723180134, "ts_rly_avg": 9.559201775892575, "ts_dst_avg": 15.908634658416112}