{"ccmode": "NoR", "para_num": 110, "xtx_ratio": 0.6, "interalltxs": 0, "interdur": 0, "tps": 304.3965902320478, "latency_avg": 55.60486367168571, "workload_file": "./locals/output/workloads/NoR-110-500-60.json", "real time cost": 108.4112012386322, "deal time cost": 114.97600193810649, "ts_src_avg": 8.91117448500431, "ts_rly_avg": 17.12695550001029, "ts_dst_avg": 28.58474797962651}