{"ccmode": "NoR", "para_num": 50, "xtx_ratio": 0.4, "interalltxs": 0, "interdur": 0, "tps": 226.2010686616421, "latency_avg": 27.445814199757574, "workload_file": "./locals/output/workloads/NoR-50-500-40.json", "real time cost": 44.20845603942871, "deal time cost": 49.70715377700981, "ts_src_avg": 8.796318043255805, "ts_rly_avg": 8.034857600712776, "ts_dst_avg": 9.720523932957649}