{"ccmode": "NoR", "para_num": 30, "xtx_ratio": 0.6, "interalltxs": 0, "interdur": 0, "tps": 257.03446016043205, "latency_avg": 22.40867303967476, "workload_file": "./locals/output/workloads/NoR-30-500-60.json", "real time cost": 35.0147602558136, "deal time cost": 39.471303205005825, "ts_src_avg": 8.126203542364967, "ts_rly_avg": 5.812219364616606, "ts_dst_avg": 7.7585456840991975}