{"ccmode": "NoR", "para_num": 180, "xtx_ratio": 0.6, "interalltxs": 0, "interdur": 0, "tps": 69.28325166412058, "latency_avg": 160.4185602687509, "workload_file": "./locals/output/workloads/NoR-180-500-60.json", "real time cost": 779.4091458320618, "deal time cost": 794.4678561179899, "ts_src_avg": 14.594911480139803, "ts_rly_avg": 46.901030300590726, "ts_dst_avg": 96.8110191977289}