{"ccmode": "NoR", "para_num": 110, "xtx_ratio": 1.0, "interalltxs": 0, "interdur": 0, "tps": 463.70197604434776, "latency_avg": 60.47764185370532, "workload_file": "./locals/output/workloads/NoR-110-500-100.json", "real time cost": 118.61066555976868, "deal time cost": 127.07601188903209, "ts_src_avg": 8.864330120975321, "ts_rly_avg": 18.485874776359037, "ts_dst_avg": 32.07351813136447}