{"ccmode": "NoR", "para_num": 160, "xtx_ratio": 0.8, "interalltxs": 0, "interdur": 0, "tps": 150.32406772581695, "latency_avg": 108.84344889287651, "workload_file": "./locals/output/workloads/NoR-160-500-80.json", "real time cost": 425.7468612194061, "deal time cost": 439.85958136594854, "ts_src_avg": 10.332724435728043, "ts_rly_avg": 32.79809561196342, "ts_dst_avg": 64.22114270762727}