{"ccmode": "NoR", "para_num": 130, "xtx_ratio": 0.6, "interalltxs": 0, "interdur": 0, "tps": 281.2186756424794, "latency_avg": 69.68450933383062, "workload_file": "./locals/output/workloads/NoR-130-500-60.json", "real time cost": 138.68211245536804, "deal time cost": 146.11796122707892, "ts_src_avg": 8.894445217462687, "ts_rly_avg": 21.56041239254291, "ts_dst_avg": 38.19502110911638}