{"ccmode": "NoR", "para_num": 80, "xtx_ratio": 0.8, "interalltxs": 0, "interdur": 0, "tps": 411.32844939289276, "latency_avg": 44.116754803530874, "workload_file": "./locals/output/workloads/NoR-80-500-80.json", "real time cost": 77.79670977592468, "deal time cost": 83.85141519398894, "ts_src_avg": 9.913482383802533, "ts_rly_avg": 13.02713910278678, "ts_dst_avg": 20.351247479520737}