{"ccmode": "NoR", "para_num": 160, "xtx_ratio": 1.0, "interalltxs": 0, "interdur": 0, "tps": 177.55483058607845, "latency_avg": 111.48168987888694, "workload_file": "./locals/output/workloads/NoR-160-500-100.json", "real time cost": 450.56504368782043, "deal time cost": 467.23108374502044, "ts_src_avg": 10.415555445411801, "ts_rly_avg": 33.20189347373247, "ts_dst_avg": 66.26587218421996}