{"ccmode": "NoR", "para_num": 200, "xtx_ratio": 0.8, "interalltxs": 0, "interdur": 0, "tps": 84.00939566971095, "latency_avg": 191.53925082954765, "workload_file": "./locals/output/workloads/NoR-200-500-80.json", "real time cost": 952.2744374275208, "deal time cost": 975.5436782509787, "ts_src_avg": 14.995499044191837, "ts_rly_avg": 55.01476845340431, "ts_dst_avg": 118.50276761068403}