{"ccmode": "NoR", "para_num": 110, "xtx_ratio": 0.2, "interalltxs": 0, "interdur": 0, "tps": 113.28360131022507, "latency_avg": 51.55588233991103, "workload_file": "./locals/output/workloads/NoR-110-500-20.json", "real time cost": 97.10143280029297, "deal time cost": 102.49366508889943, "ts_src_avg": 8.775399332826789, "ts_rly_avg": 15.965430679169568, "ts_dst_avg": 25.899777891700918}