{"ccmode": "NoR", "para_num": 20, "xtx_ratio": 0.4, "interalltxs": 0, "interdur": 0, "tps": 150.25101905096062, "latency_avg": 18.471690212547777, "workload_file": "./locals/output/workloads/NoR-20-500-40.json", "real time cost": 26.62211561203003, "deal time cost": 30.365970805985853, "ts_src_avg": 7.752567819058895, "ts_rly_avg": 4.617332885563374, "ts_dst_avg": 5.283208573162556}