{"ccmode": "NoR", "para_num": 140, "xtx_ratio": 0.2, "interalltxs": 0, "interdur": 0, "tps": 86.91087969759526, "latency_avg": 74.85184221872261, "workload_file": "./locals/output/workloads/NoR-140-500-20.json", "real time cost": 161.08455061912537, "deal time cost": 168.65234375593718, "ts_src_avg": 9.128909423470498, "ts_rly_avg": 23.178196909206253, "ts_dst_avg": 41.5587052594253}