{"ccmode": "NoR", "para_num": 120, "xtx_ratio": 0.2, "interalltxs": 0, "interdur": 0, "tps": 106.35333738396751, "latency_avg": 56.21593037635088, "workload_file": "./locals/output/workloads/NoR-120-500-20.json", "real time cost": 112.8314380645752, "deal time cost": 120.66138345003128, "ts_src_avg": 8.745843569219112, "ts_rly_avg": 17.012251122315725, "ts_dst_avg": 29.29864307930072}