{"ccmode": "NoR", "para_num": 70, "xtx_ratio": 1.0, "interalltxs": 0, "interdur": 0, "tps": 490.1836526821943, "latency_avg": 40.10993620967865, "workload_file": "./locals/output/workloads/NoR-70-500-100.json", "real time cost": 71.40180993080139, "deal time cost": 76.92648237198591, "ts_src_avg": 9.560559466736658, "ts_rly_avg": 11.193213202796663, "ts_dst_avg": 18.469617901284355}