{"ccmode": "NoR", "para_num": 100, "xtx_ratio": 1.0, "interalltxs": 0, "interdur": 0, "tps": 494.4335963652801, "latency_avg": 53.416120907588, "workload_file": "./locals/output/workloads/NoR-100-500-100.json", "real time cost": 101.12581419944763, "deal time cost": 108.29112702899147, "ts_src_avg": 9.020398697657585, "ts_rly_avg": 15.566274165630341, "ts_dst_avg": 27.7317387394619}