{"ccmode": "NoR", "para_num": 40, "xtx_ratio": 0.4, "interalltxs": 0, "interdur": 0, "tps": 221.12553901786478, "latency_avg": 24.17018254044652, "workload_file": "./locals/output/workloads/NoR-40-500-40.json", "real time cost": 36.17854380607605, "deal time cost": 41.52038972894661, "ts_src_avg": 8.407883215218783, "ts_rly_avg": 6.541719272136688, "ts_dst_avg": 8.203046222090721}