{"ccmode": "NoR", "para_num": 120, "xtx_ratio": 0.6, "interalltxs": 0, "interdur": 0, "tps": 287.1194142284877, "latency_avg": 63.09223447140058, "workload_file": "./locals/output/workloads/NoR-120-500-60.json", "real time cost": 125.38337087631226, "deal time cost": 131.8049161459785, "ts_src_avg": 9.211405345082284, "ts_rly_avg": 19.102629496468438, "ts_dst_avg": 33.629709039191404}