{"ccmode": "NoR", "para_num": 130, "xtx_ratio": 0.4, "interalltxs": 0, "interdur": 0, "tps": 192.17914193657566, "latency_avg": 66.88257942591264, "workload_file": "./locals/output/workloads/NoR-130-500-40.json", "real time cost": 135.29043650627136, "deal time cost": 142.08559130004141, "ts_src_avg": 8.655124840800578, "ts_rly_avg": 20.89496755872323, "ts_dst_avg": 36.27036068700827}