{"ccmode": "NoR", "para_num": 150, "xtx_ratio": 0.2, "interalltxs": 0, "interdur": 0, "tps": 77.70281393257422, "latency_avg": 87.05036810173988, "workload_file": "./locals/output/workloads/NoR-150-500-20.json", "real time cost": 193.04320192337036, "deal time cost": 200.69550052902196, "ts_src_avg": 9.926545727920532, "ts_rly_avg": 26.356398449897767, "ts_dst_avg": 49.69502440416018}