{"ccmode": "NoR", "para_num": 200, "xtx_ratio": 0.2, "interalltxs": 0, "interdur": 0, "tps": 26.729645031308912, "latency_avg": 171.90611051404477, "workload_file": "./locals/output/workloads/NoR-200-500-20.json", "real time cost": 748.2329068183899, "deal time cost": 759.4836873869972, "ts_src_avg": 14.053001766657829, "ts_rly_avg": 46.91519649380445, "ts_dst_avg": 109.67679161367417}