{"ccmode": "NoR", "para_num": 90, "xtx_ratio": 0.4, "interalltxs": 0, "interdur": 0, "tps": 197.34170773286894, "latency_avg": 46.80476883913411, "workload_file": "./locals/output/workloads/NoR-90-500-40.json", "real time cost": 91.2123453617096, "deal time cost": 98.56140393402893, "ts_src_avg": 9.859403380473454, "ts_rly_avg": 14.681629872547255, "ts_dst_avg": 21.370382018287977}