{"ccmode": "NoR", "para_num": 130, "xtx_ratio": 1.0, "interalltxs": 0, "interdur": 0, "tps": 436.3149564603285, "latency_avg": 74.06693213757369, "workload_file": "./locals/output/workloads/NoR-130-500-100.json", "real time cost": 148.9749526977539, "deal time cost": 160.03487499803305, "ts_src_avg": 9.070422750425339, "ts_rly_avg": 22.35131482197688, "ts_dst_avg": 41.55813207318966}