{"ccmode": "NoR", "para_num": 160, "xtx_ratio": 0.4, "interalltxs": 0, "interdur": 0, "tps": 67.19266218637047, "latency_avg": 106.8002003858611, "workload_file": "./locals/output/workloads/NoR-160-500-40.json", "real time cost": 476.24247884750366, "deal time cost": 484.8162011069944, "ts_src_avg": 11.070445855244994, "ts_rly_avg": 32.13051481115073, "ts_dst_avg": 62.434694302111865}