{"ccmode": "NoR", "para_num": 180, "xtx_ratio": 1.0, "interalltxs": 0, "interdur": 0, "tps": 83.42589724468908, "latency_avg": 172.24518007091947, "workload_file": "./locals/output/workloads/NoR-180-500-100.json", "real time cost": 1078.8017027378082, "deal time cost": 1101.415748268948, "ts_src_avg": 15.391607850572798, "ts_rly_avg": 50.04631845436361, "ts_dst_avg": 103.93224675075479}