{"ccmode": "NoR", "para_num": 150, "xtx_ratio": 1.0, "interalltxs": 0, "interdur": 0, "tps": 369.40033078467695, "latency_avg": 93.72187912961324, "workload_file": "./locals/output/workloads/NoR-150-500-100.json", "real time cost": 203.03176188468933, "deal time cost": 217.33140990696847, "ts_src_avg": 9.490967737439474, "ts_rly_avg": 28.49388590156555, "ts_dst_avg": 54.285494782393776}