{"ccmode": "NoR", "para_num": 110, "xtx_ratio": 0.8, "interalltxs": 0, "interdur": 0, "tps": 393.79986003467053, "latency_avg": 58.390723078326744, "workload_file": "./locals/output/workloads/NoR-110-500-80.json", "real time cost": 111.73188328742981, "deal time cost": 118.05260476202238, "ts_src_avg": 8.705697912026535, "ts_rly_avg": 18.00839532035589, "ts_dst_avg": 30.702590393142266}