{"ccmode": "NoR", "para_num": 90, "xtx_ratio": 0.8, "interalltxs": 0, "interdur": 0, "tps": 401.82614863548764, "latency_avg": 48.79856417333418, "workload_file": "./locals/output/workloads/NoR-90-500-80.json", "real time cost": 89.59098386764526, "deal time cost": 97.13773453398608, "ts_src_avg": 9.593475827217102, "ts_rly_avg": 14.58575864752796, "ts_dst_avg": 23.61506874897745}