{"ccmode": "NoR", "para_num": 100, "xtx_ratio": 0.8, "interalltxs": 0, "interdur": 0, "tps": 406.63410850009126, "latency_avg": 52.59642011353373, "workload_file": "./locals/output/workloads/NoR-100-500-80.json", "real time cost": 98.36853122711182, "deal time cost": 104.03837477194611, "ts_src_avg": 8.980157949668168, "ts_rly_avg": 15.806764226794243, "ts_dst_avg": 26.65647950567603}