{"ccmode": "NoR", "para_num": 70, "xtx_ratio": 0.2, "interalltxs": 0, "interdur": 0, "tps": 122.35638941904898, "latency_avg": 34.96112043881416, "workload_file": "./locals/output/workloads/NoR-70-500-20.json", "real time cost": 57.20992612838745, "deal time cost": 62.71341268601827, "ts_src_avg": 9.600069994619915, "ts_rly_avg": 10.757696576493126, "ts_dst_avg": 13.72352878853253}