{"ccmode": "NoR", "para_num": 70, "xtx_ratio": 0.4, "interalltxs": 0, "interdur": 0, "tps": 233.39340431525034, "latency_avg": 36.07596483572892, "workload_file": "./locals/output/workloads/NoR-70-500-40.json", "real time cost": 59.984557151794434, "deal time cost": 65.8545826850459, "ts_src_avg": 9.567467903971671, "ts_rly_avg": 10.916762346369879, "ts_dst_avg": 14.690585618019105}