{"ccmode": "NoR", "para_num": 20, "xtx_ratio": 0.2, "interalltxs": 0, "interdur": 0, "tps": 85.26284299950912, "latency_avg": 17.59174077796936, "workload_file": "./locals/output/workloads/NoR-20-500-20.json", "real time cost": 23.456876754760742, "deal time cost": 27.29966835200321, "ts_src_avg": 7.724048796415329, "ts_rly_avg": 4.362032984137535, "ts_dst_avg": 4.676280620574951}