{"ccmode": "NoR", "para_num": 60, "xtx_ratio": 0.8, "interalltxs": 0, "interdur": 0, "tps": 394.09807462106454, "latency_avg": 34.198456536958616, "workload_file": "./locals/output/workloads/NoR-60-500-80.json", "real time cost": 60.89854669570923, "deal time cost": 67.65406208997592, "ts_src_avg": 9.262771835664909, "ts_rly_avg": 9.41092286208272, "ts_dst_avg": 14.54534090474248}