{"ccmode": "NoR", "para_num": 30, "xtx_ratio": 0.2, "interalltxs": 0, "interdur": 0, "tps": 117.63192297875617, "latency_avg": 19.787392043034234, "workload_file": "./locals/output/workloads/NoR-30-500-20.json", "real time cost": 25.503281116485596, "deal time cost": 30.20996357500553, "ts_src_avg": 8.152344461043675, "ts_rly_avg": 5.567181626876195, "ts_dst_avg": 5.41146684328715}