{"ccmode": "NoR", "para_num": 50, "xtx_ratio": 0.8, "interalltxs": 0, "interdur": 0, "tps": 405.6492300302739, "latency_avg": 29.996372217738628, "workload_file": "./locals/output/workloads/NoR-50-500-80.json", "real time cost": 49.303680419921875, "deal time cost": 55.58115318999626, "ts_src_avg": 8.716781983375549, "ts_rly_avg": 8.233456345522404, "ts_dst_avg": 12.18624201399088}