{"ccmode": "NoR", "para_num": 190, "xtx_ratio": 0.4, "interalltxs": 0, "interdur": 0, "tps": 35.4981946339727, "latency_avg": 184.4210712183714, "workload_file": "./locals/output/workloads/NoR-190-500-40.json", "real time cost": 1070.4769747257233, "deal time cost": 1083.7189200340072, "ts_src_avg": 16.65504282354681, "ts_rly_avg": 52.048890332617255, "ts_dst_avg": 113.77176270323677}