{"ccmode": "NoR", "para_num": 120, "xtx_ratio": 0.8, "interalltxs": 0, "interdur": 0, "tps": 374.75300351896107, "latency_avg": 62.564846943383415, "workload_file": "./locals/output/workloads/NoR-120-500-80.json", "real time cost": 128.08436369895935, "deal time cost": 135.4945149719715, "ts_src_avg": 8.616633531401554, "ts_rly_avg": 18.885171918804446, "ts_dst_avg": 33.87151662126183}