{"ccmode": "NoR", "para_num": 140, "xtx_ratio": 1.0, "interalltxs": 0, "interdur": 0, "tps": 364.00649269698545, "latency_avg": 85.0037009822028, "workload_file": "./locals/output/workloads/NoR-140-500-100.json", "real time cost": 192.30426216125488, "deal time cost": 204.94444591202773, "ts_src_avg": 9.282638962173461, "ts_rly_avg": 25.994733686893326, "ts_dst_avg": 48.661671129151756}