{"ccmode": "NoR", "para_num": 100, "xtx_ratio": 0.6, "interalltxs": 0, "interdur": 0, "tps": 278.57024503257054, "latency_avg": 54.4892902509133, "workload_file": "./locals/output/workloads/NoR-100-500-60.json", "real time cost": 107.69276523590088, "deal time cost": 113.77386505203322, "ts_src_avg": 9.871781897854804, "ts_rly_avg": 16.73611367221673, "ts_dst_avg": 26.818533194788298}