{"ccmode": "NoR", "para_num": 110, "xtx_ratio": 0.4, "interalltxs": 0, "interdur": 0, "tps": 210.02157804608834, "latency_avg": 55.60984986812418, "workload_file": "./locals/output/workloads/NoR-110-500-40.json", "real time cost": 104.75114130973816, "deal time cost": 111.52395007899031, "ts_src_avg": 9.03644745575298, "ts_rly_avg": 17.33388381063938, "ts_dst_avg": 28.238672119649973}