{"ccmode": "NoR", "para_num": 80, "xtx_ratio": 1.0, "interalltxs": 0, "interdur": 0, "tps": 501.3339938254687, "latency_avg": 45.27627559114695, "workload_file": "./locals/output/workloads/NoR-80-500-100.json", "real time cost": 79.78712892532349, "deal time cost": 86.38049811206292, "ts_src_avg": 9.731673188394309, "ts_rly_avg": 13.013124547123908, "ts_dst_avg": 21.669219426524638}