{"ccmode": "NoR", "para_num": 190, "xtx_ratio": 0.8, "interalltxs": 0, "interdur": 0, "tps": 72.26687390737301, "latency_avg": 201.75454770240972, "workload_file": "./locals/output/workloads/NoR-190-500-80.json", "real time cost": 1051.657500743866, "deal time cost": 1073.5987569730496, "ts_src_avg": 17.61516115224989, "ts_rly_avg": 58.11450760943011, "ts_dst_avg": 122.67070212732177}