{"ccmode": "NoR", "para_num": 80, "xtx_ratio": 0.2, "interalltxs": 0, "interdur": 0, "tps": 122.55697858225119, "latency_avg": 39.50689439472556, "workload_file": "./locals/output/workloads/NoR-80-500-20.json", "real time cost": 65.27576065063477, "deal time cost": 71.78013232303783, "ts_src_avg": 9.894880265623332, "ts_rly_avg": 12.415573022514582, "ts_dst_avg": 16.36712490400672}