{"ccmode": "NoR", "para_num": 170, "xtx_ratio": 0.2, "interalltxs": 0, "interdur": 0, "tps": 43.99760275921106, "latency_avg": 119.75037377375715, "workload_file": "./locals/output/workloads/NoR-170-500-20.json", "real time cost": 386.38468766212463, "deal time cost": 393.79531053698156, "ts_src_avg": 12.02454908177432, "ts_rly_avg": 34.7155163917261, "ts_dst_avg": 71.92412416518435}