{"ccmode": "NoR", "para_num": 50, "xtx_ratio": 0.2, "interalltxs": 0, "interdur": 0, "tps": 121.20522502416473, "latency_avg": 26.481850168657303, "workload_file": "./locals/output/workloads/NoR-50-500-20.json", "real time cost": 41.252346992492676, "deal time cost": 46.64602179208305, "ts_src_avg": 8.843327359247208, "ts_rly_avg": 7.799475606489182, "ts_dst_avg": 8.957120374536514}