{"ccmode": "NoR", "para_num": 80, "xtx_ratio": 0.6, "interalltxs": 0, "interdur": 0, "tps": 320.88871417790574, "latency_avg": 42.930436719785135, "workload_file": "./locals/output/workloads/NoR-80-500-60.json", "real time cost": 74.79228448867798, "deal time cost": 80.37251213600393, "ts_src_avg": 9.96412607739369, "ts_rly_avg": 12.863930962264538, "ts_dst_avg": 19.290926188131174}