{"ccmode": "NoR", "para_num": 120, "xtx_ratio": 1.0, "interalltxs": 0, "interdur": 0, "tps": 463.86166735112516, "latency_avg": 63.52476008567015, "workload_file": "./locals/output/workloads/NoR-120-500-100.json", "real time cost": 129.3489077091217, "deal time cost": 138.13541898992844, "ts_src_avg": 8.671379038778941, "ts_rly_avg": 18.349760104576745, "ts_dst_avg": 35.34121853436232}