{"ccmode": "NoR", "para_num": 170, "xtx_ratio": 0.6, "interalltxs": 0, "interdur": 0, "tps": 85.9887563139283, "latency_avg": 133.17488873999258, "workload_file": "./locals/output/workloads/NoR-170-500-60.json", "real time cost": 593.1007981300354, "deal time cost": 606.3889696070692, "ts_src_avg": 12.656819663917316, "ts_rly_avg": 39.66696134847286, "ts_dst_avg": 79.24690389177846}