{"ccmode": "NoR", "para_num": 160, "xtx_ratio": 0.6, "interalltxs": 0, "interdur": 0, "tps": 124.23111429052489, "latency_avg": 107.64848324543237, "workload_file": "./locals/output/workloads/NoR-160-500-60.json", "real time cost": 386.3766357898712, "deal time cost": 398.14702872396447, "ts_src_avg": 10.397193347106377, "ts_rly_avg": 32.75694344450533, "ts_dst_avg": 63.28026527511577}