{"ccmode": "NoR", "para_num": 130, "xtx_ratio": 0.8, "interalltxs": 0, "interdur": 0, "tps": 355.233493814198, "latency_avg": 71.71647027564966, "workload_file": "./locals/output/workloads/NoR-130-500-80.json", "real time cost": 146.38259315490723, "deal time cost": 154.95587679103483, "ts_src_avg": 8.919502250657631, "ts_rly_avg": 21.898741087620074, "ts_dst_avg": 39.779326711416246}