{"ccmode": "NoR", "para_num": 50, "xtx_ratio": 0.6, "interalltxs": 0, "interdur": 0, "tps": 322.94161228199147, "latency_avg": 28.893631712198257, "workload_file": "./locals/output/workloads/NoR-50-500-60.json", "real time cost": 46.44802474975586, "deal time cost": 52.627382672042586, "ts_src_avg": 8.777560616556803, "ts_rly_avg": 8.145467560275396, "ts_dst_avg": 11.097814497375488}