{"ccmode": "NoR", "para_num": 40, "xtx_ratio": 0.8, "interalltxs": 0, "interdur": 0, "tps": 381.17846666114156, "latency_avg": 26.59445738875866, "workload_file": "./locals/output/workloads/NoR-40-500-80.json", "real time cost": 41.97508883476257, "deal time cost": 47.62665172491688, "ts_src_avg": 8.466722760915756, "ts_rly_avg": 6.942841591119766, "ts_dst_avg": 10.20795154851675}