{"ccmode": "NoR", "para_num": 200, "xtx_ratio": 1.0, "interalltxs": 0, "interdur": 0, "tps": 91.89838716919934, "latency_avg": 210.01104686305285, "workload_file": "./locals/output/workloads/NoR-200-500-100.json", "real time cost": 1088.1583788394928, "deal time cost": 1122.2147017359966, "ts_src_avg": 16.545250786628724, "ts_rly_avg": 61.01692594653845, "ts_dst_avg": 128.29533415912152}