{"ccmode": "NoR", "para_num": 180, "xtx_ratio": 0.4, "interalltxs": 0, "interdur": 0, "tps": 51.027253458177505, "latency_avg": 156.1102697231836, "workload_file": "./locals/output/workloads/NoR-180-500-40.json", "real time cost": 705.505343914032, "deal time cost": 717.4930782509036, "ts_src_avg": 14.353440758426984, "ts_rly_avg": 45.06713106918997, "ts_dst_avg": 95.26589093044069}