{"ccmode": "NoR", "para_num": 190, "xtx_ratio": 0.6, "interalltxs": 0, "interdur": 0, "tps": 58.28787143829287, "latency_avg": 189.43212417154982, "workload_file": "./locals/output/workloads/NoR-190-500-60.json", "real time cost": 977.9049842357635, "deal time cost": 993.6993293430423, "ts_src_avg": 16.4258664882685, "ts_rly_avg": 54.172917219007225, "ts_dst_avg": 116.15208991207575}