{"ccmode": "NoR", "para_num": 90, "xtx_ratio": 0.6, "interalltxs": 0, "interdur": 0, "tps": 285.1874158447028, "latency_avg": 48.98353369821442, "workload_file": "./locals/output/workloads/NoR-90-500-60.json", "real time cost": 94.67458415031433, "deal time cost": 100.79597946594004, "ts_src_avg": 9.995393768045638, "ts_rly_avg": 15.099654145938379, "ts_dst_avg": 22.957350279251735}