{"ccmode": "NoR", "para_num": 150, "xtx_ratio": 0.6, "interalltxs": 0, "interdur": 0, "tps": 196.0811625962975, "latency_avg": 94.64089044857555, "workload_file": "./locals/output/workloads/NoR-150-500-60.json", "real time cost": 229.4968032836914, "deal time cost": 239.36177454493009, "ts_src_avg": 9.664731545771494, "ts_rly_avg": 29.458182935047148, "ts_dst_avg": 54.38574957345327}