{"ccmode": "NoR", "para_num": 50, "xtx_ratio": 1.0, "interalltxs": 0, "interdur": 0, "tps": 480.71241027604196, "latency_avg": 31.42787229645729, "workload_file": "./locals/output/workloads/NoR-50-500-100.json", "real time cost": 52.00614643096924, "deal time cost": 58.102862040977925, "ts_src_avg": 8.836521737527848, "ts_rly_avg": 8.332619030456543, "ts_dst_avg": 13.397909926147461}