{"ccmode": "NoR", "para_num": 140, "xtx_ratio": 0.6, "interalltxs": 0, "interdur": 0, "tps": 226.1818371245345, "latency_avg": 80.52660169250625, "workload_file": "./locals/output/workloads/NoR-140-500-60.json", "real time cost": 185.69130277633667, "deal time cost": 194.6558572560316, "ts_src_avg": 9.112934580541792, "ts_rly_avg": 24.881923518016226, "ts_dst_avg": 45.46827920802434}