{"ccmode": "NoR", "para_num": 60, "xtx_ratio": 0.4, "interalltxs": 0, "interdur": 0, "tps": 230.30511967441367, "latency_avg": 31.875577693462372, "workload_file": "./locals/output/workloads/NoR-60-500-40.json", "real time cost": 52.104790449142456, "deal time cost": 57.89933180203661, "ts_src_avg": 9.179908960461617, "ts_rly_avg": 9.389282150844734, "ts_dst_avg": 12.467937127888202}