{"ccmode": "NoR", "para_num": 160, "xtx_ratio": 0.2, "interalltxs": 0, "interdur": 0, "tps": 49.88110913997574, "latency_avg": 99.13888921517133, "workload_file": "./locals/output/workloads/NoR-160-500-20.json", "real time cost": 320.76271510124207, "deal time cost": 326.9977676740382, "ts_src_avg": 10.480535476475954, "ts_rly_avg": 29.667171686857937, "ts_dst_avg": 57.96440496103465}