{"ccmode": "NoR", "para_num": 170, "xtx_ratio": 0.4, "interalltxs": 0, "interdur": 0, "tps": 65.2723316364462, "latency_avg": 137.76653014286126, "workload_file": "./locals/output/workloads/NoR-170-500-40.json", "real time cost": 520.894522190094, "deal time cost": 531.1166006909916, "ts_src_avg": 13.197081672156559, "ts_rly_avg": 40.886854662376294, "ts_dst_avg": 82.41613797601532}