{"ccmode": "ToR", "para_num": 20, "xtx_ratio": 0.2, "interalltxs": 292, "interdur": 35.635003328323364, "tps": 84.39630036575015, "latency_avg": 16.911268194675447, "workload_file": "./locals/output/workloads/ToR-20-500-20.json", "real time cost": 23.697721242904663, "deal time cost": 28.215643050032668, "ts_src_avg": 6.587929885387421, "ts_rly_avg": 5.945410054922104, "ts_dst_avg": 3.769242443561554}