{"ccmode": "ToR", "para_num": 130, "xtx_ratio": 0.8, "interalltxs": 3698, "interdur": 66.55924367904663, "tps": 1018.8790649878773, "latency_avg": 27.660434941314733, "workload_file": "./locals/output/workloads/ToR-130-500-80.json", "real time cost": 51.036478996276855, "deal time cost": 57.622069707955234, "ts_src_avg": 5.747174882994249, "ts_rly_avg": 17.612061605916573, "ts_dst_avg": 3.3919351647496225}