{"ccmode": "ToR", "para_num": 60, "xtx_ratio": 0.4, "interalltxs": 932, "interdur": 39.22130537033081, "tps": 450.94579131729216, "latency_avg": 18.128331789334617, "workload_file": "./locals/output/workloads/ToR-60-500-40.json", "real time cost": 26.610737323760986, "deal time cost": 31.081267824978568, "ts_src_avg": 5.619748499055704, "ts_rly_avg": 7.369184490700563, "ts_dst_avg": 4.135512376149496}