{"ccmode": "ToR", "para_num": 110, "xtx_ratio": 0.2, "interalltxs": 1741, "interdur": 39.2654173374176, "tps": 398.99138787095114, "latency_avg": 17.224937347888947, "workload_file": "./locals/output/workloads/ToR-110-500-20.json", "real time cost": 27.569517374038696, "deal time cost": 30.951638474012725, "ts_src_avg": 5.678361835653131, "ts_rly_avg": 6.915070363261483, "ts_dst_avg": 3.6293407205668364}