{"ccmode": "ToR", "para_num": 120, "xtx_ratio": 1.0, "interalltxs": 3429, "interdur": 68.31839656829834, "tps": 1101.4438114091442, "latency_avg": 28.70037490068674, "workload_file": "./locals/output/workloads/ToR-120-500-100.json", "real time cost": 54.47395443916321, "deal time cost": 60.17744714196306, "ts_src_avg": 5.828206549417972, "ts_rly_avg": 18.227661265794435, "ts_dst_avg": 3.43485892457962}