{"ccmode": "ToR", "para_num": 150, "xtx_ratio": 0.8, "interalltxs": 6027, "interdur": 91.88850355148315, "tps": 784.8809085375368, "latency_avg": 31.06284046233098, "workload_file": "./locals/output/workloads/ToR-150-500-80.json", "real time cost": 76.44471836090088, "deal time cost": 82.78622654697392, "ts_src_avg": 6.141582314451536, "ts_rly_avg": 20.42702334321737, "ts_dst_avg": 3.3279618720094364}