{"ccmode": "ToR", "para_num": 120, "xtx_ratio": 0.2, "interalltxs": 2090, "interdur": 42.98726511001587, "tps": 411.17121746057666, "latency_avg": 16.93334665163358, "workload_file": "./locals/output/workloads/ToR-120-500-20.json", "real time cost": 29.184922218322754, "deal time cost": 34.38510562002193, "ts_src_avg": 5.566530348241329, "ts_rly_avg": 6.615980454047521, "ts_dst_avg": 3.6476384519139926}