{"ccmode": "ToR", "para_num": 40, "xtx_ratio": 0.4, "interalltxs": 562, "interdur": 36.264060735702515, "tps": 318.4922875153485, "latency_avg": 17.552238892674445, "workload_file": "./locals/output/workloads/ToR-40-500-40.json", "real time cost": 25.118347644805908, "deal time cost": 28.74852680694312, "ts_src_avg": 6.1669215426445, "ts_rly_avg": 6.335905085802079, "ts_dst_avg": 4.1884582498669625}