{"ccmode": "ToR", "para_num": 190, "xtx_ratio": 1.0, "interalltxs": 14776, "interdur": 170.52723908424377, "tps": 629.976665216754, "latency_avg": 52.45018717853647, "workload_file": "./locals/output/workloads/ToR-190-500-100.json", "real time cost": 150.79923629760742, "deal time cost": 160.69531833310612, "ts_src_avg": 5.879745891182046, "ts_rly_avg": 42.50100346660363, "ts_dst_avg": 3.1613618910463233}