{"ccmode": "ToR", "para_num": 10, "xtx_ratio": 0.8, "interalltxs": 142, "interdur": 35.30701518058777, "tps": 155.66875259057974, "latency_avg": 18.912093765735627, "workload_file": "./locals/output/workloads/ToR-10-500-80.json", "real time cost": 25.695587158203125, "deal time cost": 29.24562982993666, "ts_src_avg": 6.773675731599331, "ts_rly_avg": 6.701474755406379, "ts_dst_avg": 4.936775942802429}