{"ccmode": "ToR", "para_num": 60, "xtx_ratio": 0.2, "interalltxs": 842, "interdur": 37.099321603775024, "tps": 231.4980473482406, "latency_avg": 17.404132091442744, "workload_file": "./locals/output/workloads/ToR-60-500-20.json", "real time cost": 25.918145179748535, "deal time cost": 29.43953443400096, "ts_src_avg": 5.71327728275458, "ts_rly_avg": 7.144565920829773, "ts_dst_avg": 3.636178822994232}