{"ccmode": "ToR", "para_num": 160, "xtx_ratio": 0.6, "interalltxs": 4770, "interdur": 69.91450357437134, "tps": 887.3537859568327, "latency_avg": 25.438579634293912, "workload_file": "./locals/output/workloads/ToR-160-500-60.json", "real time cost": 54.09341883659363, "deal time cost": 59.66385132999994, "ts_src_avg": 5.951925851826866, "ts_rly_avg": 15.001760043248535, "ts_dst_avg": 3.392740045885245}