{"ccmode": "ToR", "para_num": 190, "xtx_ratio": 0.8, "interalltxs": 8961, "interdur": 107.25133967399597, "tps": 849.6170094716006, "latency_avg": 40.571742959568375, "workload_file": "./locals/output/workloads/ToR-190-500-80.json", "real time cost": 89.4520697593689, "deal time cost": 97.47208542004228, "ts_src_avg": 5.988096666342334, "ts_rly_avg": 30.378782989476857, "ts_dst_avg": 3.192387113756255}