{"ccmode": "ToR", "para_num": 70, "xtx_ratio": 0.8, "interalltxs": 1472, "interdur": 50.60009574890137, "tps": 712.8201282240312, "latency_avg": 20.72304895424843, "workload_file": "./locals/output/workloads/ToR-70-500-80.json", "real time cost": 39.28059673309326, "deal time cost": 42.811482576071285, "ts_src_avg": 5.672182998427323, "ts_rly_avg": 9.856804156754698, "ts_dst_avg": 4.034276060828141}