{"ccmode": "ToR", "para_num": 70, "xtx_ratio": 0.2, "interalltxs": 971, "interdur": 35.344236850738525, "tps": 291.52050285240546, "latency_avg": 16.5076387024607, "workload_file": "./locals/output/workloads/ToR-70-500-20.json", "real time cost": 24.012033224105835, "deal time cost": 27.74700007692445, "ts_src_avg": 5.731844455616815, "ts_rly_avg": 5.942095974138804, "ts_dst_avg": 3.720810188123158}