{"ccmode": "ToR", "para_num": 180, "xtx_ratio": 0.4, "interalltxs": 5278, "interdur": 70.4154646396637, "tps": 660.9543676839012, "latency_avg": 25.162699774569937, "workload_file": "./locals/output/workloads/ToR-180-500-40.json", "real time cost": 54.466695070266724, "deal time cost": 59.13951292400043, "ts_src_avg": 6.054516926977369, "ts_rly_avg": 14.472724192917347, "ts_dst_avg": 3.3481710020568634}