{"ccmode": "ToR", "para_num": 100, "xtx_ratio": 1.0, "interalltxs": 2533, "interdur": 59.51387405395508, "tps": 1069.4201646775448, "latency_avg": 26.091719240636827, "workload_file": "./locals/output/workloads/ToR-100-500-100.json", "real time cost": 46.754308223724365, "deal time cost": 52.102011771989055, "ts_src_avg": 5.62703588707447, "ts_rly_avg": 16.229602493634225, "ts_dst_avg": 3.5573376667547225}