{"ccmode": "ToR", "para_num": 170, "xtx_ratio": 0.4, "interalltxs": 4854, "interdur": 67.72394728660583, "tps": 641.0477141991388, "latency_avg": 24.814366426054168, "workload_file": "./locals/output/workloads/ToR-170-500-40.json", "real time cost": 53.03817367553711, "deal time cost": 58.24183831899427, "ts_src_avg": 6.383271774937125, "ts_rly_avg": 13.803079262053265, "ts_dst_avg": 3.310751720140962}