{"ccmode": "ToR", "para_num": 30, "xtx_ratio": 0.6, "interalltxs": 407, "interdur": 35.949126958847046, "tps": 356.540926417661, "latency_avg": 18.88287892598576, "workload_file": "./locals/output/workloads/ToR-30-500-60.json", "real time cost": 25.242543935775757, "deal time cost": 28.82267810101621, "ts_src_avg": 6.423304104089737, "ts_rly_avg": 7.073724058522118, "ts_dst_avg": 4.671191834105386}