{"ccmode": "ToR", "para_num": 140, "xtx_ratio": 0.6, "interalltxs": 3922, "interdur": 66.03077793121338, "tps": 789.340603838359, "latency_avg": 24.798288501262665, "workload_file": "./locals/output/workloads/ToR-140-500-60.json", "real time cost": 53.20896935462952, "deal time cost": 58.47487323905807, "ts_src_avg": 5.743997731878644, "ts_rly_avg": 14.73165109252362, "ts_dst_avg": 3.3855728446074895}