{"ccmode": "ToR", "para_num": 130, "xtx_ratio": 0.2, "interalltxs": 2275, "interdur": 43.78957009315491, "tps": 432.39923380431446, "latency_avg": 18.635462826288663, "workload_file": "./locals/output/workloads/ToR-130-500-20.json", "real time cost": 30.064808130264282, "deal time cost": 34.84804429591168, "ts_src_avg": 5.812181882674878, "ts_rly_avg": 8.304609045395484, "ts_dst_avg": 3.6331786155700683}