{"ccmode": "ToR", "para_num": 190, "xtx_ratio": 0.4, "interalltxs": 5868, "interdur": 73.8239974975586, "tps": 660.1437266290854, "latency_avg": 26.942715863290587, "workload_file": "./locals/output/workloads/ToR-190-500-40.json", "real time cost": 57.5632221698761, "deal time cost": 62.44158394902479, "ts_src_avg": 5.909903416137946, "ts_rly_avg": 16.641991023578143, "ts_dst_avg": 3.262231847562288}