{"ccmode": "ToR", "para_num": 150, "xtx_ratio": 0.4, "interalltxs": 3615, "interdur": 57.83996653556824, "tps": 670.5980912373444, "latency_avg": 21.980432173864045, "workload_file": "./locals/output/workloads/ToR-150-500-40.json", "real time cost": 44.73618459701538, "deal time cost": 48.9255472359946, "ts_src_avg": 5.75067802409331, "ts_rly_avg": 11.754152302002908, "ts_dst_avg": 3.3608259608109794}