{"ccmode": "ToR", "para_num": 150, "xtx_ratio": 0.6, "interalltxs": 4535, "interdur": 72.02031087875366, "tps": 798.3383854159947, "latency_avg": 27.297417985884348, "workload_file": "./locals/output/workloads/ToR-150-500-60.json", "real time cost": 56.36707544326782, "deal time cost": 61.84327142697293, "ts_src_avg": 5.81712962407536, "ts_rly_avg": 17.11080623980628, "ts_dst_avg": 3.326757237603929}