{"ccmode": "ToR", "para_num": 30, "xtx_ratio": 0.4, "interalltxs": 407, "interdur": 35.96350455284119, "tps": 245.83108935759822, "latency_avg": 17.398440255641937, "workload_file": "./locals/output/workloads/ToR-30-500-40.json", "real time cost": 24.407002449035645, "deal time cost": 28.657301911036484, "ts_src_avg": 6.360023536483447, "ts_rly_avg": 6.034975947340329, "ts_dst_avg": 4.301000633398692}