{"ccmode": "ToR", "para_num": 70, "xtx_ratio": 0.4, "interalltxs": 1087, "interdur": 39.73415017127991, "tps": 519.976623114741, "latency_avg": 17.551699865256037, "workload_file": "./locals/output/workloads/ToR-70-500-40.json", "real time cost": 26.92428731918335, "deal time cost": 31.064713450032286, "ts_src_avg": 5.7628085422175275, "ts_rly_avg": 6.6155711277723315, "ts_dst_avg": 4.096615452119282}