{"ccmode": "ToR", "para_num": 190, "xtx_ratio": 0.2, "interalltxs": 4993, "interdur": 63.31226921081543, "tps": 380.50245181549246, "latency_avg": 21.539656571087086, "workload_file": "./locals/output/workloads/ToR-190-500-20.json", "real time cost": 49.93397521972656, "deal time cost": 53.87906409299467, "ts_src_avg": 6.201009068401237, "ts_rly_avg": 10.879767204849344, "ts_dst_avg": 3.3255824694884453}