{"ccmode": "ToR", "para_num": 120, "xtx_ratio": 0.8, "interalltxs": 3007, "interdur": 61.224061489105225, "tps": 1019.3602847715435, "latency_avg": 25.70475961733361, "workload_file": "./locals/output/workloads/ToR-120-500-80.json", "real time cost": 47.088356018066406, "deal time cost": 52.90791324293241, "ts_src_avg": 5.799794093549251, "ts_rly_avg": 15.227148806060354, "ts_dst_avg": 3.441890252262354}