{"ccmode": "ToR", "para_num": 60, "xtx_ratio": 1.0, "interalltxs": 1090, "interdur": 45.81738901138306, "tps": 882.329943457773, "latency_avg": 21.746623097284633, "workload_file": "./locals/output/workloads/ToR-60-500-100.json", "real time cost": 34.00088620185852, "deal time cost": 38.1351138970349, "ts_src_avg": 5.678928601447741, "ts_rly_avg": 10.541317333698272, "ts_dst_avg": 4.609577783226967}