{"ccmode": "ToR", "para_num": 80, "xtx_ratio": 0.2, "interalltxs": 1125, "interdur": 37.666663646698, "tps": 330.89285001273055, "latency_avg": 16.801253452956676, "workload_file": "./locals/output/workloads/ToR-80-500-20.json", "real time cost": 24.177010774612427, "deal time cost": 28.762757310993038, "ts_src_avg": 5.711273253530264, "ts_rly_avg": 6.100433659523725, "ts_dst_avg": 3.7571708452999593}