{"ccmode": "ToR", "para_num": 180, "xtx_ratio": 0.6, "interalltxs": 8076, "interdur": 103.38920497894287, "tps": 632.9120402123245, "latency_avg": 34.05095719601931, "workload_file": "./locals/output/workloads/ToR-180-500-60.json", "real time cost": 85.31991267204285, "deal time cost": 91.95837188896257, "ts_src_avg": 5.9875765675791985, "ts_rly_avg": 23.88739173493562, "ts_dst_avg": 3.254701228684849}