{"ccmode": "ToR", "para_num": 100, "xtx_ratio": 0.8, "interalltxs": 2305, "interdur": 55.156511545181274, "tps": 949.7193345762267, "latency_avg": 23.720228582113982, "workload_file": "./locals/output/workloads/ToR-100-500-80.json", "real time cost": 42.117706298828125, "deal time cost": 46.853386859060265, "ts_src_avg": 5.601199076294899, "ts_rly_avg": 13.7603653373003, "ts_dst_avg": 3.5200945431768895}