{"ccmode": "ToR", "para_num": 50, "xtx_ratio": 0.2, "interalltxs": 699, "interdur": 34.62417912483215, "tps": 208.8069191347326, "latency_avg": 16.15709064645767, "workload_file": "./locals/output/workloads/ToR-50-500-20.json", "real time cost": 23.945566654205322, "deal time cost": 27.43715490400791, "ts_src_avg": 5.911184446287155, "ts_rly_avg": 5.652172405672073, "ts_dst_avg": 3.6223565046787263}