{"ccmode": "ToR", "para_num": 40, "xtx_ratio": 0.8, "interalltxs": 642, "interdur": 40.55299353599548, "tps": 547.9119514837839, "latency_avg": 19.90421420323849, "workload_file": "./locals/output/workloads/ToR-40-500-80.json", "real time cost": 29.201772212982178, "deal time cost": 32.6944100119872, "ts_src_avg": 6.080856820449233, "ts_rly_avg": 7.933753050133586, "ts_dst_avg": 5.081077495381236}