{"ccmode": "ToR", "para_num": 120, "xtx_ratio": 0.4, "interalltxs": 2284, "interdur": 46.64070224761963, "tps": 714.2160272392193, "latency_avg": 19.63542849108577, "workload_file": "./locals/output/workloads/ToR-120-500-40.json", "real time cost": 33.603278398513794, "deal time cost": 37.60410453204531, "ts_src_avg": 5.837623785605033, "ts_rly_avg": 8.971238768647114, "ts_dst_avg": 3.5841980107625324}