{"ccmode": "ToR", "para_num": 200, "xtx_ratio": 0.6, "interalltxs": 8473, "interdur": 98.12392902374268, "tps": 734.6855676900578, "latency_avg": 32.27459692809979, "workload_file": "./locals/output/workloads/ToR-200-500-60.json", "real time cost": 81.66759037971497, "deal time cost": 87.87199762199998, "ts_src_avg": 6.09436061977148, "ts_rly_avg": 21.781737696210545, "ts_dst_avg": 3.244716590591272}