{"ccmode": "ToR", "para_num": 110, "xtx_ratio": 0.8, "interalltxs": 3252, "interdur": 69.44104623794556, "tps": 778.7410822767906, "latency_avg": 24.383744025122034, "workload_file": "./locals/output/workloads/ToR-110-500-80.json", "real time cost": 56.50144958496094, "deal time cost": 61.955903048045, "ts_src_avg": 5.872915269185197, "ts_rly_avg": 13.92199991836873, "ts_dst_avg": 3.5200956518054007}