{"ccmode": "ToR", "para_num": 110, "xtx_ratio": 1.0, "interalltxs": 3022, "interdur": 65.37584686279297, "tps": 1071.1406638307217, "latency_avg": 27.416422522133047, "workload_file": "./locals/output/workloads/ToR-110-500-100.json", "real time cost": 51.34713101387024, "deal time cost": 57.822250792058185, "ts_src_avg": 5.802748085043647, "ts_rly_avg": 17.085249862410805, "ts_dst_avg": 3.3960359629717742}