{"ccmode": "ToR", "para_num": 120, "xtx_ratio": 0.6, "interalltxs": 2990, "interdur": 58.46580100059509, "tps": 816.4780521187828, "latency_avg": 22.791269952482647, "workload_file": "./locals/output/workloads/ToR-120-500-60.json", "real time cost": 44.09181594848633, "deal time cost": 49.53971330204513, "ts_src_avg": 5.740451400531663, "ts_rly_avg": 12.306530756268236, "ts_dst_avg": 3.533450495587455}