{"ccmode": "ToR", "para_num": 70, "xtx_ratio": 0.6, "interalltxs": 1087, "interdur": 39.697253704071045, "tps": 759.3066054033275, "latency_avg": 19.27687904214859, "workload_file": "./locals/output/workloads/ToR-70-500-60.json", "real time cost": 27.656811952590942, "deal time cost": 32.06605948903598, "ts_src_avg": 5.76180344234194, "ts_rly_avg": 8.03229978897458, "ts_dst_avg": 4.378816173996245}