{"ccmode": "ToR", "para_num": 10, "xtx_ratio": 0.6, "interalltxs": 152, "interdur": 37.33124351501465, "tps": 116.81746015749867, "latency_avg": 18.187666307608286, "workload_file": "./locals/output/workloads/ToR-10-500-60.json", "real time cost": 25.681092500686646, "deal time cost": 29.24092552694492, "ts_src_avg": 6.708698973019918, "ts_rly_avg": 6.436201237916946, "ts_dst_avg": 4.53639270734787}