{"ccmode": "ToR", "para_num": 90, "xtx_ratio": 0.8, "interalltxs": 1937, "interdur": 51.91980242729187, "tps": 914.2741052972775, "latency_avg": 22.411482550720375, "workload_file": "./locals/output/workloads/ToR-90-500-80.json", "real time cost": 39.375499963760376, "deal time cost": 43.158213141025044, "ts_src_avg": 5.597046287450525, "ts_rly_avg": 12.611378564185566, "ts_dst_avg": 3.6196354478134047}