{"ccmode": "ToR", "para_num": 20, "xtx_ratio": 0.6, "interalltxs": 291, "interdur": 37.63551473617554, "tps": 239.3025719957416, "latency_avg": 18.635609410047532, "workload_file": "./locals/output/workloads/ToR-20-500-60.json", "real time cost": 25.07286047935486, "deal time cost": 28.513087133993395, "ts_src_avg": 6.507163850704829, "ts_rly_avg": 6.894711203575135, "ts_dst_avg": 4.5388189638455705}