{"ccmode": "ToR", "para_num": 130, "xtx_ratio": 0.6, "interalltxs": 3642, "interdur": 65.43113684654236, "tps": 747.6859643417774, "latency_avg": 23.764444866412724, "workload_file": "./locals/output/workloads/ToR-130-500-60.json", "real time cost": 52.16093635559082, "deal time cost": 57.03064964094665, "ts_src_avg": 5.64029921401464, "ts_rly_avg": 13.803614730003552, "ts_dst_avg": 3.404833589700552}