{"ccmode": "ToR", "para_num": 10, "xtx_ratio": 1.0, "interalltxs": 162, "interdur": 39.35306787490845, "tps": 179.98651426269572, "latency_avg": 20.215553542232513, "workload_file": "./locals/output/workloads/ToR-10-500-100.json", "real time cost": 27.77985906600952, "deal time cost": 31.310532630071975, "ts_src_avg": 6.78422141366005, "ts_rly_avg": 7.534099147701263, "ts_dst_avg": 5.411798329401016}