{"ccmode": "ToR", "para_num": 10, "xtx_ratio": 0.4, "interalltxs": 142, "interdur": 35.30495572090149, "tps": 84.4804838394898, "latency_avg": 17.10039397394657, "workload_file": "./locals/output/workloads/ToR-10-500-40.json", "real time cost": 23.67410683631897, "deal time cost": 27.21893316297792, "ts_src_avg": 6.778948638558388, "ts_rly_avg": 5.625341445207596, "ts_dst_avg": 4.2048776661157605}