{"ccmode": "ToR", "para_num": 50, "xtx_ratio": 1.0, "interalltxs": 852, "interdur": 43.101052045822144, "tps": 787.1667532549895, "latency_avg": 21.66789076379776, "workload_file": "./locals/output/workloads/ToR-50-500-100.json", "real time cost": 31.75947141647339, "deal time cost": 36.06286949396599, "ts_src_avg": 6.068931065702438, "ts_rly_avg": 9.640518503351212, "ts_dst_avg": 5.119190991420746}