{"ccmode": "ToR", "para_num": 170, "xtx_ratio": 1.0, "interalltxs": 7638, "interdur": 102.27139973640442, "tps": 1008.7479974164862, "latency_avg": 42.393848685076655, "workload_file": "./locals/output/workloads/ToR-170-500-100.json", "real time cost": 84.262868642807, "deal time cost": 92.14018407498952, "ts_src_avg": 5.993141436282326, "ts_rly_avg": 32.00069157679782, "ts_dst_avg": 3.199812669209873}