{"ccmode": "ToR", "para_num": 30, "xtx_ratio": 0.2, "interalltxs": 421, "interdur": 35.97214865684509, "tps": 125.42490563112823, "latency_avg": 16.447712309678394, "workload_file": "./locals/output/workloads/ToR-30-500-20.json", "real time cost": 23.918694496154785, "deal time cost": 27.33944487408735, "ts_src_avg": 6.292628948926926, "ts_rly_avg": 5.658956159671147, "ts_dst_avg": 3.6962435032526653}