{"ccmode": "ToR", "para_num": 40, "xtx_ratio": 0.2, "interalltxs": 578, "interdur": 36.341758728027344, "tps": 160.04666277479507, "latency_avg": 17.76299272221327, "workload_file": "./locals/output/workloads/ToR-40-500-20.json", "real time cost": 24.992711067199707, "deal time cost": 28.38590438698884, "ts_src_avg": 6.111015595197678, "ts_rly_avg": 7.231109378695488, "ts_dst_avg": 3.5914639810323714}