{"ccmode": "ToR", "para_num": 60, "xtx_ratio": 0.8, "interalltxs": 991, "interdur": 41.36970233917236, "tps": 808.0417314763923, "latency_avg": 20.35339965613683, "workload_file": "./locals/output/workloads/ToR-60-500-80.json", "real time cost": 29.701436281204224, "deal time cost": 34.13212510198355, "ts_src_avg": 5.658175765087207, "ts_rly_avg": 9.033477049946786, "ts_dst_avg": 4.640905596186717}