{"ccmode": "ToR", "para_num": 130, "xtx_ratio": 0.4, "interalltxs": 3142, "interdur": 57.82969856262207, "tps": 598.9824638298492, "latency_avg": 19.91524340069294, "workload_file": "./locals/output/workloads/ToR-130-500-40.json", "real time cost": 43.406946897506714, "deal time cost": 48.238745192065835, "ts_src_avg": 5.6733144788742065, "ts_rly_avg": 9.812858366416052, "ts_dst_avg": 3.4641808359531256}