{"ccmode": "ToR", "para_num": 20, "xtx_ratio": 1.0, "interalltxs": 313, "interdur": 39.72301149368286, "tps": 352.4405778803234, "latency_avg": 20.64106936240196, "workload_file": "./locals/output/workloads/ToR-20-500-100.json", "real time cost": 28.3735773563385, "deal time cost": 32.48570928291883, "ts_src_avg": 6.637282477641105, "ts_rly_avg": 8.07335128185749, "ts_dst_avg": 5.33327175552845}