{"ccmode": "ToR", "para_num": 200, "xtx_ratio": 0.2, "interalltxs": 5702, "interdur": 68.50141930580139, "tps": 383.8598328229469, "latency_avg": 21.98644619807005, "workload_file": "./locals/output/workloads/ToR-200-500-20.json", "real time cost": 52.102351665496826, "deal time cost": 57.26439119700808, "ts_src_avg": 6.037237613749504, "ts_rly_avg": 11.647166818881034, "ts_dst_avg": 3.333628059720993}