{"ccmode": "ToR", "para_num": 90, "xtx_ratio": 0.6, "interalltxs": 1532, "interdur": 43.02134037017822, "tps": 854.3995945460908, "latency_avg": 19.72719332161656, "workload_file": "./locals/output/workloads/ToR-90-500-60.json", "real time cost": 31.601138591766357, "deal time cost": 35.96559704001993, "ts_src_avg": 5.489594002838488, "ts_rly_avg": 9.863929632213381, "ts_dst_avg": 3.7710747296368634}