{"ccmode": "ToR", "para_num": 100, "xtx_ratio": 0.4, "interalltxs": 1877, "interdur": 45.55451774597168, "tps": 604.5874976792672, "latency_avg": 18.855099925625325, "workload_file": "./locals/output/workloads/ToR-100-500-40.json", "real time cost": 33.080406188964844, "deal time cost": 37.829928850987926, "ts_src_avg": 5.553249511921406, "ts_rly_avg": 8.908193464958668, "ts_dst_avg": 3.6775420223116875}