{"ccmode": "ToR", "para_num": 90, "xtx_ratio": 0.2, "interalltxs": 1351, "interdur": 38.14017057418823, "tps": 346.2203935996408, "latency_avg": 17.23238990388976, "workload_file": "./locals/output/workloads/ToR-90-500-20.json", "real time cost": 25.995002508163452, "deal time cost": 29.993954687961377, "ts_src_avg": 5.609844332377116, "ts_rly_avg": 7.273540604273478, "ts_dst_avg": 3.723744253847334}