{"ccmode": "ToR", "para_num": 80, "xtx_ratio": 0.8, "interalltxs": 1564, "interdur": 48.94377541542053, "tps": 847.0627497818723, "latency_avg": 21.44699656149, "workload_file": "./locals/output/workloads/ToR-80-500-80.json", "real time cost": 37.777602672576904, "deal time cost": 41.77157374005765, "ts_src_avg": 5.780691214293242, "ts_rly_avg": 10.428924695931375, "ts_dst_avg": 3.9627994071617723}