{"ccmode": "ToR", "para_num": 160, "xtx_ratio": 0.4, "interalltxs": 4404, "interdur": 65.74701404571533, "tps": 647.745373595085, "latency_avg": 24.15947076355666, "workload_file": "./locals/output/workloads/ToR-160-500-40.json", "real time cost": 49.40212821960449, "deal time cost": 55.51010629197117, "ts_src_avg": 5.752556532599032, "ts_rly_avg": 14.18842249032855, "ts_dst_avg": 3.3525019588395955}