{"ccmode": "ToR", "para_num": 140, "xtx_ratio": 0.2, "interalltxs": 2458, "interdur": 44.14184594154358, "tps": 443.1927490601064, "latency_avg": 18.277866940072606, "workload_file": "./locals/output/workloads/ToR-140-500-20.json", "real time cost": 31.588964462280273, "deal time cost": 35.667197289993055, "ts_src_avg": 5.901153831652232, "ts_rly_avg": 7.791921262366431, "ts_dst_avg": 3.61314533502715}