{"ccmode": "ToR", "para_num": 50, "xtx_ratio": 0.8, "interalltxs": 802, "interdur": 40.89104199409485, "tps": 676.6238780133956, "latency_avg": 20.33007285616398, "workload_file": "./locals/output/workloads/ToR-50-500-80.json", "real time cost": 29.55851936340332, "deal time cost": 33.95583961205557, "ts_src_avg": 5.99528224350214, "ts_rly_avg": 8.366444829523564, "ts_dst_avg": 5.055586053931713}