{"ccmode": "ToR", "para_num": 200, "xtx_ratio": 0.4, "interalltxs": 8561, "interdur": 99.37488436698914, "tps": 494.7115100447598, "latency_avg": 34.070849602472784, "workload_file": "./locals/output/workloads/ToR-200-500-40.json", "real time cost": 80.85520386695862, "deal time cost": 87.10177576099522, "ts_src_avg": 5.660047142714262, "ts_rly_avg": 24.337456203442812, "ts_dst_avg": 3.2204769620776177}