{"ccmode": "ToR", "para_num": 50, "xtx_ratio": 0.4, "interalltxs": 777, "interdur": 38.782965660095215, "tps": 374.22943789289513, "latency_avg": 17.536539943051338, "workload_file": "./locals/output/workloads/ToR-50-500-40.json", "real time cost": 26.721575021743774, "deal time cost": 30.574827163945884, "ts_src_avg": 5.916008310627937, "ts_rly_avg": 6.616326084041596, "ts_dst_avg": 4.1016176837921146}