{"ccmode": "ToR", "para_num": 170, "xtx_ratio": 0.6, "interalltxs": 6723, "interdur": 91.21700859069824, "tps": 679.7911546816448, "latency_avg": 32.170520916158075, "workload_file": "./locals/output/workloads/ToR-170-500-60.json", "real time cost": 75.02304148674011, "deal time cost": 81.07540612400044, "ts_src_avg": 6.260536554757286, "ts_rly_avg": 21.489657002865098, "ts_dst_avg": 3.2409660411862764}