{"ccmode": "ToR", "para_num": 140, "xtx_ratio": 0.8, "interalltxs": 4539, "interdur": 76.05141711235046, "tps": 924.2841477440204, "latency_avg": 28.944781293030296, "workload_file": "./locals/output/workloads/ToR-140-500-80.json", "real time cost": 60.58742880821228, "deal time cost": 66.26710429193918, "ts_src_avg": 5.918971172349794, "ts_rly_avg": 18.69876591274568, "ts_dst_avg": 3.327767561163221}