{"ccmode": "ToR", "para_num": 170, "xtx_ratio": 0.2, "interalltxs": 3478, "interdur": 52.31478786468506, "tps": 474.7396117323173, "latency_avg": 20.686865614905077, "workload_file": "./locals/output/workloads/ToR-170-500-20.json", "real time cost": 35.8091037273407, "deal time cost": 40.45029353501741, "ts_src_avg": 6.2541404306467845, "ts_rly_avg": 9.71427313151079, "ts_dst_avg": 3.496182504639906}