{"ccmode": "ToR", "para_num": 20, "xtx_ratio": 0.8, "interalltxs": 313, "interdur": 39.693427085876465, "tps": 283.60108769091534, "latency_avg": 19.487845220386983, "workload_file": "./locals/output/workloads/ToR-20-500-80.json", "real time cost": 28.20863652229309, "deal time cost": 32.42146446602419, "ts_src_avg": 6.531763035804033, "ts_rly_avg": 7.3236638176143165, "ts_dst_avg": 4.92085646033287}