{"ccmode": "ToR", "para_num": 160, "xtx_ratio": 0.2, "interalltxs": 3551, "interdur": 53.988847732543945, "tps": 399.6454094865004, "latency_avg": 18.84032960563898, "workload_file": "./locals/output/workloads/ToR-160-500-20.json", "real time cost": 40.0354905128479, "deal time cost": 43.675822476972826, "ts_src_avg": 5.868209215030074, "ts_rly_avg": 8.540582044005394, "ts_dst_avg": 3.545251539155841}