{"ccmode": "ToR", "para_num": 80, "xtx_ratio": 1.0, "interalltxs": 1854, "interdur": 55.554381370544434, "tps": 940.2528272946597, "latency_avg": 23.389439083743095, "workload_file": "./locals/output/workloads/ToR-80-500-100.json", "real time cost": 42.541749238967896, "deal time cost": 46.82085700100288, "ts_src_avg": 5.6836757492005825, "ts_rly_avg": 12.848997050780058, "ts_dst_avg": 3.5865641093492506}