{"ccmode": "ToR", "para_num": 80, "xtx_ratio": 0.4, "interalltxs": 1504, "interdur": 46.702401876449585, "tps": 482.4600446621348, "latency_avg": 18.35835925911367, "workload_file": "./locals/output/workloads/ToR-80-500-40.json", "real time cost": 33.16336798667908, "deal time cost": 37.56958452495746, "ts_src_avg": 5.730698363110423, "ts_rly_avg": 7.464034011170268, "ts_dst_avg": 3.944245508059859}