{"ccmode": "ToR", "para_num": 80, "xtx_ratio": 0.6, "interalltxs": 1323, "interdur": 42.17811632156372, "tps": 807.3406533084047, "latency_avg": 19.388840626994767, "workload_file": "./locals/output/workloads/ToR-80-500-60.json", "real time cost": 29.72722840309143, "deal time cost": 34.21316146897152, "ts_src_avg": 6.1520777716934685, "ts_rly_avg": 7.74554363839825, "ts_dst_avg": 4.111479078263044}