{"ccmode": "ToR", "para_num": 200, "xtx_ratio": 1.0, "interalltxs": 15860, "interdur": 173.80097246170044, "tps": 660.8823796325015, "latency_avg": 55.30307235434294, "workload_file": "./locals/output/workloads/ToR-200-500-100.json", "real time cost": 151.31285548210144, "deal time cost": 160.97380066802725, "ts_src_avg": 5.548709144101143, "ts_rly_avg": 45.45732729925394, "ts_dst_avg": 3.158536532943249}