{"ccmode": "ToR", "para_num": 30, "xtx_ratio": 1.0, "interalltxs": 467, "interdur": 40.11068630218506, "tps": 519.172309687875, "latency_avg": 20.94023522345225, "workload_file": "./locals/output/workloads/ToR-30-500-100.json", "real time cost": 28.892141819000244, "deal time cost": 33.16737590008415, "ts_src_avg": 6.4411354472955065, "ts_rly_avg": 8.844403953774771, "ts_dst_avg": 4.975520529747009}