{"ccmode": "ToR", "para_num": 100, "xtx_ratio": 0.2, "interalltxs": 1651, "interdur": 40.974480628967285, "tps": 358.5962679844817, "latency_avg": 17.215726710057258, "workload_file": "./locals/output/workloads/ToR-100-500-20.json", "real time cost": 27.88651442527771, "deal time cost": 31.847867620992474, "ts_src_avg": 5.616765563130379, "ts_rly_avg": 7.169372906351089, "ts_dst_avg": 3.6531678127527236}