{"ccmode": "ToR", "para_num": 140, "xtx_ratio": 0.4, "interalltxs": 3585, "interdur": 61.15073275566101, "tps": 596.1045801437872, "latency_avg": 22.087223430514335, "workload_file": "./locals/output/workloads/ToR-140-500-40.json", "real time cost": 46.97162365913391, "deal time cost": 51.64170973398723, "ts_src_avg": 6.069736782397543, "ts_rly_avg": 11.661412096542971, "ts_dst_avg": 3.3685714024731093}