{"ccmode": "ToR", "para_num": 200, "xtx_ratio": 0.8, "interalltxs": 10338, "interdur": 117.59896993637085, "tps": 804.273730073847, "latency_avg": 46.88518210924268, "workload_file": "./locals/output/workloads/ToR-200-500-80.json", "real time cost": 99.46862244606018, "deal time cost": 107.2382773659192, "ts_src_avg": 5.882697845900059, "ts_rly_avg": 36.85274833453596, "ts_dst_avg": 3.1706988967001437}