{"ccmode": "ToR", "para_num": 90, "xtx_ratio": 1.0, "interalltxs": 2305, "interdur": 60.97304391860962, "tps": 923.4776266146366, "latency_avg": 24.30150189118915, "workload_file": "./locals/output/workloads/ToR-90-500-100.json", "real time cost": 48.72884702682495, "deal time cost": 53.25753328902647, "ts_src_avg": 5.590705713155534, "ts_rly_avg": 14.53208319401741, "ts_dst_avg": 3.575509072579278}