{"ccmode": "ToR", "para_num": 160, "xtx_ratio": 1.0, "interalltxs": 7042, "interdur": 100.4982590675354, "tps": 975.4184290314322, "latency_avg": 37.472034976932406, "workload_file": "./locals/output/workloads/ToR-160-500-100.json", "real time cost": 82.01608419418335, "deal time cost": 89.89474019799991, "ts_src_avg": 5.956731144019962, "ts_rly_avg": 27.365621776008606, "ts_dst_avg": 3.243843720918894}