{"ccmode": "ToR", "para_num": 140, "xtx_ratio": 1.0, "interalltxs": 6162, "interdur": 100.30790591239929, "tps": 854.613029807157, "latency_avg": 32.8526103988375, "workload_file": "./locals/output/workloads/ToR-140-500-100.json", "real time cost": 81.9084165096283, "deal time cost": 90.45433597802185, "ts_src_avg": 5.971559355926514, "ts_rly_avg": 22.65969128480298, "ts_dst_avg": 3.2978308104753493}