{"ccmode": "ToR", "para_num": 10, "xtx_ratio": 0.2, "interalltxs": 142, "interdur": 35.31146049499512, "tps": 42.3509482400882, "latency_avg": 16.622425460100175, "workload_file": "./locals/output/workloads/ToR-10-500-20.json", "real time cost": 23.61222219467163, "deal time cost": 27.190712481038645, "ts_src_avg": 6.659621594429016, "ts_rly_avg": 5.591700073957443, "ts_dst_avg": 3.8776996648311615}