{"ccmode": "ToR", "para_num": 60, "xtx_ratio": 0.6, "interalltxs": 992, "interdur": 41.49499988555908, "tps": 614.0554133700819, "latency_avg": 18.888832269416916, "workload_file": "./locals/output/workloads/ToR-60-500-60.json", "real time cost": 29.313315391540527, "deal time cost": 33.44452133902814, "ts_src_avg": 5.675562092224757, "ts_rly_avg": 7.734905921273762, "ts_dst_avg": 4.5041573015716345}