{"ccmode": "ToR", "para_num": 110, "xtx_ratio": 0.4, "interalltxs": 2081, "interdur": 46.129491329193115, "tps": 667.9116345178653, "latency_avg": 19.385195651162753, "workload_file": "./locals/output/workloads/ToR-110-500-40.json", "real time cost": 32.93848896026611, "deal time cost": 37.29584943992086, "ts_src_avg": 6.0269850425395095, "ts_rly_avg": 8.612532170544972, "ts_dst_avg": 3.605317439100959}