{"ccmode": "ToR", "para_num": 150, "xtx_ratio": 0.2, "interalltxs": 2784, "interdur": 46.854888916015625, "tps": 474.1871018442612, "latency_avg": 18.247039753611883, "workload_file": "./locals/output/workloads/ToR-150-500-20.json", "real time cost": 31.63308310508728, "deal time cost": 36.47227010701317, "ts_src_avg": 6.132480145104726, "ts_rly_avg": 7.34846577073733, "ts_dst_avg": 3.616820447349548}