{"ccmode": "ToR", "para_num": 170, "xtx_ratio": 0.8, "interalltxs": 8493, "interdur": 111.72862148284912, "tps": 714.4600803910737, "latency_avg": 38.287522910721165, "workload_file": "./locals/output/workloads/ToR-170-500-80.json", "real time cost": 95.17676615715027, "deal time cost": 101.55988052999601, "ts_src_avg": 6.3150262970819195, "ts_rly_avg": 27.536646132125576, "ts_dst_avg": 3.216048916266245}