{"ccmode": "ToR", "para_num": 30, "xtx_ratio": 0.8, "interalltxs": 467, "interdur": 40.06831693649292, "tps": 416.5026225814055, "latency_avg": 19.87493470144272, "workload_file": "./locals/output/workloads/ToR-30-500-80.json", "real time cost": 28.8113431930542, "deal time cost": 32.959639088017866, "ts_src_avg": 6.299292614599069, "ts_rly_avg": 7.769417394638062, "ts_dst_avg": 5.070380603154501}