{"ccmode": "ToR", "para_num": 70, "xtx_ratio": 1.0, "interalltxs": 1472, "interdur": 50.71890306472778, "tps": 911.498048210536, "latency_avg": 22.26018267664228, "workload_file": "./locals/output/workloads/ToR-70-500-100.json", "real time cost": 38.3983268737793, "deal time cost": 42.79387214803137, "ts_src_avg": 5.639032592589515, "ts_rly_avg": 11.455563575288227, "ts_dst_avg": 4.069864762592315}