{"ccmode": "ToR", "para_num": 150, "xtx_ratio": 1.0, "interalltxs": 5702, "interdur": 87.93678164482117, "tps": 1064.722524177299, "latency_avg": 35.582864115575155, "workload_file": "./locals/output/workloads/ToR-150-500-100.json", "real time cost": 70.44088792800903, "deal time cost": 78.13827591808513, "ts_src_avg": 6.0812687522602085, "ts_rly_avg": 25.051959999891917, "ts_dst_avg": 3.2779371093177794}