{"ccmode": "ToR", "para_num": 180, "xtx_ratio": 1.0, "interalltxs": 8663, "interdur": 110.55446553230286, "tps": 999.5370254256418, "latency_avg": 40.98106777564155, "workload_file": "./locals/output/workloads/ToR-180-500-100.json", "real time cost": 90.04168701171875, "deal time cost": 99.15214465899999, "ts_src_avg": 6.004499863311979, "ts_rly_avg": 30.81975163608657, "ts_dst_avg": 3.2099506011035706}