{"ccmode": "ToR", "para_num": 160, "xtx_ratio": 0.8, "interalltxs": 7522, "interdur": 104.73879623413086, "tps": 730.4960147276411, "latency_avg": 35.8213594135344, "workload_file": "./locals/output/workloads/ToR-160-500-80.json", "real time cost": 87.61170315742493, "deal time cost": 94.49198536400218, "ts_src_avg": 5.836522419746965, "ts_rly_avg": 25.856791996508836, "ts_dst_avg": 3.2251697975322604}