{"ccmode": "ToR", "para_num": 180, "xtx_ratio": 0.8, "interalltxs": 9013, "interdur": 114.8609893321991, "tps": 759.5466955027075, "latency_avg": 40.44336712320977, "workload_file": "./locals/output/workloads/ToR-180-500-80.json", "real time cost": 94.79338192939758, "deal time cost": 102.9679877939634, "ts_src_avg": 6.002253578305244, "ts_rly_avg": 30.347398544841344, "ts_dst_avg": 3.1933562844130727}