{"ccmode": "ToR", "para_num": 110, "xtx_ratio": 0.6, "interalltxs": 2651, "interdur": 57.943037271499634, "tps": 753.1592843203664, "latency_avg": 21.345569237224982, "workload_file": "./locals/output/workloads/ToR-110-500-60.json", "real time cost": 43.81543278694153, "deal time cost": 48.99054885993246, "ts_src_avg": 5.524561892502236, "ts_rly_avg": 11.286342185287765, "ts_dst_avg": 3.55449379048203}