{"ccmode": "ToR", "para_num": 100, "xtx_ratio": 0.6, "interalltxs": 2300, "interdur": 55.735629081726074, "tps": 722.3272903972859, "latency_avg": 25.84299725385507, "workload_file": "./locals/output/workloads/ToR-100-500-60.json", "real time cost": 41.53241944313049, "deal time cost": 46.39501205494162, "ts_src_avg": 5.475361018713316, "ts_rly_avg": 15.977111532298723, "ts_dst_avg": 3.640134534351031}