{"ccmode": "ToR", "para_num": 130, "xtx_ratio": 1.0, "interalltxs": 3902, "interdur": 70.69744205474854, "tps": 1134.859942683091, "latency_avg": 30.994280790589407, "workload_file": "./locals/output/workloads/ToR-130-500-100.json", "real time cost": 57.275790214538574, "deal time cost": 63.17521561309695, "ts_src_avg": 5.506952038709934, "ts_rly_avg": 21.184138943430092, "ts_dst_avg": 3.3258063608683073}