{"ccmode": "ToR", "para_num": 40, "xtx_ratio": 0.6, "interalltxs": 618, "interdur": 38.3608717918396, "tps": 440.4940856787818, "latency_avg": 18.907871931672098, "workload_file": "./locals/output/workloads/ToR-40-500-60.json", "real time cost": 27.242136478424072, "deal time cost": 30.948297344031744, "ts_src_avg": 6.152617742439111, "ts_rly_avg": 7.290396981954575, "ts_dst_avg": 4.684330758591493}