{"ccmode": "ToR", "para_num": 40, "xtx_ratio": 1.0, "interalltxs": 702, "interdur": 44.64312529563904, "tps": 638.599720830041, "latency_avg": 21.177287876307965, "workload_file": "./locals/output/workloads/ToR-40-500-100.json", "real time cost": 31.318522930145264, "deal time cost": 35.81327761197463, "ts_src_avg": 6.173393754696846, "ts_rly_avg": 8.342523841524125, "ts_dst_avg": 5.893613027131558}