{"ccmode": "ToR", "para_num": 180, "xtx_ratio": 0.2, "interalltxs": 4787, "interdur": 64.22915410995483, "tps": 372.72736320813067, "latency_avg": 21.458268798046642, "workload_file": "./locals/output/workloads/ToR-180-500-20.json", "real time cost": 48.29267120361328, "deal time cost": 53.11326694197487, "ts_src_avg": 5.805043699582418, "ts_rly_avg": 11.335447051088016, "ts_dst_avg": 3.406717234518793}