{"ccmode": "ToR", "para_num": 190, "xtx_ratio": 0.6, "interalltxs": 9247, "interdur": 111.4640896320343, "tps": 617.5467125111502, "latency_avg": 40.28572529016043, "workload_file": "./locals/output/workloads/ToR-190-500-60.json", "real time cost": 92.30070996284485, "deal time cost": 99.07249400997534, "ts_src_avg": 5.612977652959656, "ts_rly_avg": 30.19356180669132, "ts_dst_avg": 3.2082186610991497}