{"ccmode": "ToR", "para_num": 90, "xtx_ratio": 0.4, "interalltxs": 1647, "interdur": 44.92802906036377, "tps": 581.1430441133361, "latency_avg": 19.089575635618633, "workload_file": "./locals/output/workloads/ToR-90-500-40.json", "real time cost": 30.97344136238098, "deal time cost": 36.37266198499128, "ts_src_avg": 5.7237966122494806, "ts_rly_avg": 8.732202987591426, "ts_dst_avg": 3.9685692188209956}