{"ccmode": "ToR", "para_num": 50, "xtx_ratio": 0.6, "interalltxs": 815, "interdur": 40.89980673789978, "tps": 512.1280153329994, "latency_avg": 18.992118259747823, "workload_file": "./locals/output/workloads/ToR-50-500-60.json", "real time cost": 29.289551734924316, "deal time cost": 33.34621117007919, "ts_src_avg": 5.970976201852163, "ts_rly_avg": 7.684741314951578, "ts_dst_avg": 4.4187241768201195}