{"ccmode": "ToR", "para_num": 20, "xtx_ratio": 0.4, "interalltxs": 285, "interdur": 35.62413263320923, "tps": 166.10306340122895, "latency_avg": 17.295000382363796, "workload_file": "./locals/output/workloads/ToR-20-500-40.json", "real time cost": 24.08143424987793, "deal time cost": 27.30291633598972, "ts_src_avg": 6.514437940835953, "ts_rly_avg": 6.309630011379719, "ts_dst_avg": 3.8533845483660696}